Тип,Категория,Подкатегория,Сумма,Описание,Дата
Расход,Повседневные,Продукты,1198,Перекрёсток,01.01.2025
Расход,Повседневные,Транспорт,226,Самокат,01.01.2025
Расход,Повседневные,Прочее,457,Канцтовары,02.01.2025
Расход,Крупные,Праздники,1695,Подарки,02.01.2025
Расход,Повседневные,Связь,487,Интернет,03.01.2025
Расход,Повседневные,Продукты,275,ВкусВилл,03.01.2025
Расход,Повседневные,Еда вне дома,289,Пицца,03.01.2025
Расход,Повседневные,Транспорт,62,Метро,03.01.2025
Расход,Повседневные,Алкоголь,263,Магнум,03.01.2025
Расход,Повседневные,Здоровье,2213,Анализы,03.01.2025
Расход,Повседневные,Транспорт,187,Яндекс такси,04.01.2025
Расход,Повседневные,Развлечения,1054,Spotify,04.01.2025
Расход,Повседневные,Прочее,649,Канцтовары,04.01.2025
Расход,Квартира,Ипотека,29500,Сбербанк,05.01.2025
Расход,Повседневные,Продукты,697,Перекрёсток,05.01.2025
Расход,Повседневные,Еда вне дома,398,Кафе,05.01.2025
Расход,Повседневные,Транспорт,194,Метро,05.01.2025
Расход,Повседневные,Прочее,187,Печать,05.01.2025
Расход,Повседневные,Продукты,1199,Лента,06.01.2025
Расход,Повседневные,Еда вне дома,253,Суши,06.01.2025
Расход,Повседневные,Развлечения,504,Spotify,06.01.2025
Расход,Повседневные,Транспорт,146,Автобус,07.01.2025
Расход,Повседневные,Развлечения,842,Игры,07.01.2025
Расход,Повседневные,Еда вне дома,312,Суши,08.01.2025
Расход,Повседневные,Транспорт,187,Метро,08.01.2025
Расход,Повседневные,Бары и рестораны,944,Суши бар,08.01.2025
Расход,Повседневные,Продукты,710,ВкусВилл,09.01.2025
Расход,Повседневные,Транспорт,142,,09.01.2025
Расход,Повседневные,Развлечения,679,Кино,09.01.2025
Расход,Повседневные,Алкоголь,668,,09.01.2025
Доход,Доходы,Зарплата,84258,,10.01.2025
Расход,Повседневные,Продукты,977,Пятёрочка,10.01.2025
Расход,Повседневные,Транспорт,110,Самокат,10.01.2025
Расход,Повседневные,Продукты,606,Перекрёсток,11.01.2025
Расход,Повседневные,Транспорт,195,Автобус,11.01.2025
Расход,Повседневные,Развлечения,307,Кино,11.01.2025
Расход,Крупные,Праздники,5473,Ресторан,11.01.2025
Расход,Повседневные,Продукты,285,ВкусВилл,12.01.2025
Расход,Повседневные,Еда вне дома,411,Пицца,12.01.2025
Расход,Повседневные,Продукты,715,Магнит,13.01.2025
Расход,Повседневные,Бары и рестораны,1958,Кальянная,13.01.2025
Расход,Повседневные,Еда вне дома,320,Бургер,14.01.2025
Расход,Повседневные,Транспорт,87,Автобус,14.01.2025
Расход,Квартира,Ремонт,5822,Мастер,14.01.2025
Расход,Квартира,ЖКХ,4735,Квартплата,15.01.2025
Расход,Повседневные,Еда вне дома,253,Бургер,15.01.2025
Расход,Повседневные,Транспорт,232,Автобус,15.01.2025
Расход,Повседневные,Бары и рестораны,1212,Бар,15.01.2025
Расход,Повседневные,Алкоголь,652,Красное&Белое,15.01.2025
Расход,Повседневные,Еда вне дома,408,Макдак,16.01.2025
Расход,Повседневные,Транспорт,65,,16.01.2025
Расход,Повседневные,Развлечения,259,Netflix,16.01.2025
Расход,Повседневные,Продукты,601,Лента,17.01.2025
Расход,Повседневные,Еда вне дома,273,КФС,17.01.2025
Расход,Повседневные,Транспорт,186,,17.01.2025
Расход,Повседневные,Бары и рестораны,1708,Паб,17.01.2025
Расход,Повседневные,Транспорт,123,Автобус,18.01.2025
Расход,Повседневные,Продукты,894,Ашан,19.01.2025
Расход,Повседневные,Развлечения,284,Кино,19.01.2025
Расход,Повседневные,Алкоголь,610,Винлаб,19.01.2025
Расход,Повседневные,Еда вне дома,210,Шаурма,20.01.2025
Расход,Повседневные,Транспорт,143,Яндекс такси,20.01.2025
Расход,Повседневные,Бары и рестораны,2171,Паб,20.01.2025
Расход,Повседневные,Развлечения,879,Spotify,20.01.2025
Расход,Крупные,Праздники,4657,Декор,20.01.2025
Расход,Квартира,Ремонт,3351,Мастер,20.01.2025
Расход,Повседневные,Продукты,348,Ашан,21.01.2025
Расход,Повседневные,Еда вне дома,247,Суши,21.01.2025
Расход,Повседневные,Транспорт,158,Автобус,21.01.2025
Расход,Квартира,Все для дома,1514,,21.01.2025
Расход,Повседневные,Продукты,1044,Пятёрочка,22.01.2025
Расход,Повседневные,Еда вне дома,297,Пицца,22.01.2025
Расход,Повседневные,Транспорт,155,Автобус,22.01.2025
Расход,Повседневные,Развлечения,906,Игры,22.01.2025
Расход,Повседневные,Продукты,944,Магнит,23.01.2025
Расход,Повседневные,Еда вне дома,392,Кафе,23.01.2025
Расход,Повседневные,Транспорт,102,Яндекс такси,23.01.2025
Доход,Доходы,Фриланс,5810,Проект,23.01.2025
Расход,Повседневные,Продукты,504,Магнит,24.01.2025
Расход,Повседневные,Бары и рестораны,1407,Бар,24.01.2025
Расход,Повседневные,Продукты,701,Лента,25.01.2025
Расход,Повседневные,Транспорт,52,Метро,25.01.2025
Расход,Повседневные,Бары и рестораны,1595,Ресторан,25.01.2025
Расход,Повседневные,Прочее,352,Разное,25.01.2025
Расход,Повседневные,Продукты,866,ВкусВилл,26.01.2025
Расход,Повседневные,Транспорт,229,Автобус,26.01.2025
Расход,Повседневные,Бары и рестораны,724,Ресторан,26.01.2025
Расход,Повседневные,Развлечения,538,Игры,26.01.2025
Расход,Повседневные,Алкоголь,495,Магнум,26.01.2025
Расход,Повседневные,Продукты,1002,Перекрёсток,27.01.2025
Расход,Повседневные,Еда вне дома,302,Бургер,27.01.2025
Расход,Повседневные,Транспорт,185,Самокат,27.01.2025
Расход,Повседневные,Продукты,927,ВкусВилл,28.01.2025
Расход,Повседневные,Транспорт,176,Автобус,28.01.2025
Расход,Повседневные,Алкоголь,1085,,28.01.2025
Расход,Повседневные,Прочее,517,Канцтовары,28.01.2025
Расход,Повседневные,Продукты,287,Магнит,29.01.2025
Расход,Повседневные,Транспорт,57,Яндекс такси,29.01.2025
Расход,Квартира,Все для дома,1534,,29.01.2025
Расход,Повседневные,Продукты,832,Пятёрочка,30.01.2025
Расход,Повседневные,Еда вне дома,271,Суши,30.01.2025
Расход,Повседневные,Транспорт,114,Самокат,30.01.2025
Расход,Повседневные,Продукты,655,Магнит,31.01.2025
Расход,Повседневные,Еда вне дома,366,Столовая,31.01.2025
Расход,Повседневные,Транспорт,58,Самокат,31.01.2025
Расход,Крупные,Красота и здоровье,1467,Барбершоп,31.01.2025
Расход,Повседневные,Продукты,438,Перекрёсток,01.02.2025
Расход,Повседневные,Транспорт,52,,01.02.2025
Расход,Повседневные,Продукты,704,Перекрёсток,02.02.2025
Расход,Повседневные,Связь,517,Интернет,03.02.2025
Расход,Повседневные,Еда вне дома,373,Пицца,03.02.2025
Расход,Повседневные,Транспорт,132,Метро,03.02.2025
Расход,Повседневные,Развлечения,371,Netflix,03.02.2025
Расход,Повседневные,Здоровье,868,Стоматолог,03.02.2025
Расход,Повседневные,Продукты,1019,Магнит,04.02.2025
Расход,Повседневные,Еда вне дома,179,Суши,04.02.2025
Расход,Квартира,Ипотека,29500,Сбербанк,05.02.2025
Расход,Повседневные,Продукты,333,Пятёрочка,05.02.2025
Расход,Повседневные,Еда вне дома,338,КФС,05.02.2025
Расход,Повседневные,Транспорт,225,Самокат,05.02.2025
Расход,Повседневные,Лекарства,1150,Здравсити,05.02.2025
Расход,Повседневные,Продукты,1164,Лента,06.02.2025
Расход,Повседневные,Еда вне дома,384,Суши,06.02.2025
Расход,Повседневные,Транспорт,132,Метро,06.02.2025
Расход,Повседневные,Продукты,461,Лента,07.02.2025
Расход,Повседневные,Транспорт,60,Самокат,07.02.2025
Расход,Крупные,Одежда,2145,Wildberries,07.02.2025
Расход,Повседневные,Продукты,640,Магнит,08.02.2025
Расход,Повседневные,Еда вне дома,185,КФС,08.02.2025
Расход,Повседневные,Транспорт,59,Самокат,08.02.2025
Расход,Повседневные,Бары и рестораны,1144,Паб,08.02.2025
Расход,Повседневные,Продукты,728,Ашан,09.02.2025
Расход,Повседневные,Еда вне дома,339,Бургер,09.02.2025
Расход,Повседневные,Транспорт,215,Яндекс такси,09.02.2025
Доход,Доходы,Зарплата,79363,,10.02.2025
Расход,Повседневные,Продукты,683,Ашан,10.02.2025
Расход,Повседневные,Транспорт,235,Метро,10.02.2025
Расход,Повседневные,Продукты,504,Магнит,11.02.2025
Расход,Повседневные,Еда вне дома,388,Бургер,11.02.2025
Расход,Повседневные,Алкоголь,818,Магнум,11.02.2025
Доход,Доходы,Фриланс,4548,Заказ,11.02.2025
Расход,Повседневные,Продукты,825,Ашан,12.02.2025
Расход,Повседневные,Еда вне дома,427,Кафе,12.02.2025
Расход,Повседневные,Транспорт,247,,12.02.2025
Расход,Повседневные,Развлечения,873,Игры,12.02.2025
Расход,Повседневные,Продукты,543,Пятёрочка,13.02.2025
Расход,Повседневные,Транспорт,219,,13.02.2025
Расход,Повседневные,Бары и рестораны,1203,Бар,13.02.2025
Расход,Повседневные,Прочее,685,Разное,13.02.2025
Расход,Повседневные,Продукты,387,Магнит,14.02.2025
Расход,Квартира,ЖКХ,4672,Квартплата,15.02.2025
Расход,Повседневные,Продукты,1165,Ашан,15.02.2025
Расход,Повседневные,Транспорт,102,Автобус,15.02.2025
Расход,Повседневные,Продукты,382,Пятёрочка,16.02.2025
Расход,Повседневные,Еда вне дома,390,Столовая,16.02.2025
Расход,Повседневные,Транспорт,191,Яндекс такси,16.02.2025
Расход,Повседневные,Лекарства,1350,,16.02.2025
Расход,Повседневные,Продукты,791,Ашан,17.02.2025
Расход,Повседневные,Транспорт,237,Самокат,17.02.2025
Расход,Повседневные,Прочее,249,Разное,17.02.2025
Расход,Повседневные,Продукты,325,Магнит,18.02.2025
Расход,Повседневные,Транспорт,101,,18.02.2025
Расход,Повседневные,Прочее,562,Канцтовары,18.02.2025
Расход,Повседневные,Продукты,500,Перекрёсток,19.02.2025
Расход,Повседневные,Транспорт,183,,19.02.2025
Расход,Повседневные,Развлечения,650,Концерт,19.02.2025
Расход,Повседневные,Транспорт,110,Самокат,20.02.2025
Доход,Доходы,Кэшбэк,142,Сбер,20.02.2025
Расход,Повседневные,Еда вне дома,253,Суши,21.02.2025
Расход,Повседневные,Транспорт,134,Метро,21.02.2025
Расход,Повседневные,Бары и рестораны,1915,Ресторан,21.02.2025
Расход,Повседневные,Развлечения,840,Netflix,21.02.2025
Расход,Повседневные,Прочее,340,Канцтовары,21.02.2025
Расход,Повседневные,Продукты,647,Перекрёсток,22.02.2025
Расход,Повседневные,Транспорт,205,,22.02.2025
Расход,Повседневные,Продукты,497,Перекрёсток,23.02.2025
Расход,Повседневные,Еда вне дома,365,Пицца,23.02.2025
Расход,Повседневные,Транспорт,133,Яндекс такси,23.02.2025
Расход,Повседневные,Транспорт,116,Метро,24.02.2025
Расход,Повседневные,Алкоголь,526,Красное&Белое,24.02.2025
Расход,Повседневные,Продукты,256,Пятёрочка,25.02.2025
Расход,Повседневные,Еда вне дома,413,Пицца,25.02.2025
Расход,Повседневные,Транспорт,187,,25.02.2025
Расход,Повседневные,Прочее,605,Разное,25.02.2025
Доход,Доходы,Фриланс,21332,Проект,25.02.2025
Расход,Повседневные,Продукты,655,Перекрёсток,26.02.2025
Расход,Повседневные,Транспорт,226,Метро,26.02.2025
Расход,Повседневные,Прочее,346,Печать,26.02.2025
Расход,Повседневные,Продукты,1125,Перекрёсток,27.02.2025
Расход,Повседневные,Транспорт,62,Автобус,27.02.2025
Расход,Повседневные,Еда вне дома,269,Суши,28.02.2025
Расход,Повседневные,Транспорт,168,Яндекс такси,28.02.2025
Расход,Повседневные,Развлечения,503,Игры,28.02.2025
Расход,Повседневные,Продукты,402,Магнит,01.03.2025
Расход,Повседневные,Еда вне дома,377,Столовая,01.03.2025
Расход,Повседневные,Транспорт,114,,01.03.2025
Расход,Повседневные,Прочее,663,Разное,01.03.2025
Расход,Повседневные,Продукты,373,Пятёрочка,02.03.2025
Расход,Повседневные,Еда вне дома,190,Макдак,02.03.2025
Расход,Повседневные,Транспорт,121,Яндекс такси,02.03.2025
Расход,Повседневные,Развлечения,956,Игры,02.03.2025
Расход,Повседневные,Связь,491,Интернет,03.03.2025
Расход,Повседневные,Транспорт,227,Самокат,03.03.2025
Расход,Повседневные,Еда вне дома,169,Столовая,04.03.2025
Расход,Повседневные,Транспорт,225,Яндекс такси,04.03.2025
Расход,Крупные,Праздники,1839,Подарки,04.03.2025
Расход,Квартира,Ипотека,29500,Сбербанк,05.03.2025
Расход,Повседневные,Еда вне дома,206,КФС,05.03.2025
Расход,Повседневные,Прочее,652,Канцтовары,05.03.2025
Доход,Доходы,Кэшбэк,335,,05.03.2025
Расход,Повседневные,Продукты,498,Ашан,06.03.2025
Расход,Повседневные,Еда вне дома,421,Бургер,06.03.2025
Расход,Повседневные,Развлечения,434,Netflix,06.03.2025
Расход,Повседневные,Прочее,354,Разное,06.03.2025
Расход,Повседневные,Еда вне дома,345,КФС,07.03.2025
Расход,Повседневные,Транспорт,168,Самокат,07.03.2025
Расход,Повседневные,Прочее,420,Канцтовары,07.03.2025
Расход,Повседневные,Продукты,318,Перекрёсток,08.03.2025
Расход,Повседневные,Транспорт,135,Яндекс такси,08.03.2025
Расход,Повседневные,Развлечения,641,Концерт,08.03.2025
Расход,Повседневные,Прочее,182,Разное,08.03.2025
Расход,Повседневные,Продукты,208,Ашан,09.03.2025
Расход,Повседневные,Транспорт,223,Автобус,09.03.2025
Расход,Повседневные,Развлечения,596,Кино,09.03.2025
Расход,Повседневные,Прочее,640,Разное,09.03.2025
Доход,Доходы,Зарплата,79638,,10.03.2025
Расход,Повседневные,Продукты,935,Перекрёсток,10.03.2025
Расход,Повседневные,Развлечения,1097,Игры,10.03.2025
Расход,Повседневные,Продукты,741,Ашан,11.03.2025
Расход,Повседневные,Еда вне дома,210,КФС,11.03.2025
Расход,Повседневные,Прочее,226,Печать,11.03.2025
Расход,Повседневные,Продукты,1117,ВкусВилл,12.03.2025
Расход,Повседневные,Еда вне дома,401,Пицца,12.03.2025
Расход,Повседневные,Здоровье,1436,Анализы,12.03.2025
Расход,Повседневные,Транспорт,68,Самокат,13.03.2025
Расход,Повседневные,Бары и рестораны,1806,Бар,13.03.2025
Расход,Повседневные,Развлечения,774,Netflix,13.03.2025
Расход,Повседневные,Еда вне дома,311,Суши,14.03.2025
Расход,Повседневные,Транспорт,100,Самокат,14.03.2025
Расход,Квартира,ЖКХ,5480,Квартплата,15.03.2025
Расход,Повседневные,Продукты,1053,Пятёрочка,15.03.2025
Расход,Повседневные,Еда вне дома,356,Столовая,15.03.2025
Расход,Повседневные,Транспорт,157,Яндекс такси,15.03.2025
Расход,Повседневные,Развлечения,855,Кино,15.03.2025
Расход,Повседневные,Алкоголь,956,Красное&Белое,15.03.2025
Доход,Доходы,Фриланс,8621,,15.03.2025
Расход,Повседневные,Продукты,226,Ашан,16.03.2025
Расход,Крупные,Праздники,6957,Декор,16.03.2025
Расход,Повседневные,Продукты,268,Ашан,17.03.2025
Расход,Повседневные,Еда вне дома,363,КФС,17.03.2025
Расход,Повседневные,Транспорт,152,,17.03.2025
Расход,Повседневные,Развлечения,486,Игры,17.03.2025
Расход,Повседневные,Прочее,180,,17.03.2025
Расход,Повседневные,Транспорт,137,Самокат,18.03.2025
Расход,Повседневные,Алкоголь,816,Красное&Белое,18.03.2025
Расход,Крупные,Праздники,2935,Ресторан,18.03.2025
Расход,Квартира,Все для дома,2107,IKEA,18.03.2025
Доход,Доходы,Фриланс,7583,,18.03.2025
Расход,Повседневные,Еда вне дома,234,Кафе,19.03.2025
Расход,Повседневные,Транспорт,136,Самокат,19.03.2025
Расход,Повседневные,Развлечения,846,Steam,19.03.2025
Расход,Повседневные,Прочее,686,Разное,19.03.2025
Расход,Повседневные,Еда вне дома,415,Бургер,20.03.2025
Расход,Повседневные,Транспорт,118,,20.03.2025
Доход,Доходы,Кэшбэк,457,Тинькофф,20.03.2025
Расход,Повседневные,Еда вне дома,450,Кафе,21.03.2025
Расход,Повседневные,Транспорт,76,Автобус,21.03.2025
Расход,Повседневные,Бары и рестораны,938,Ресторан,21.03.2025
Расход,Повседневные,Продукты,1037,Перекрёсток,22.03.2025
Расход,Повседневные,Еда вне дома,344,Бургер,22.03.2025
Расход,Повседневные,Транспорт,218,Метро,22.03.2025
Расход,Повседневные,Еда вне дома,192,Шаурма,23.03.2025
Расход,Повседневные,Транспорт,123,,23.03.2025
Расход,Повседневные,Бары и рестораны,1564,Паб,23.03.2025
Доход,Доходы,Кэшбэк,401,,23.03.2025
Расход,Повседневные,Транспорт,189,Метро,24.03.2025
Расход,Повседневные,Прочее,263,,24.03.2025
Доход,Доходы,Фриланс,13456,Проект,24.03.2025
Расход,Повседневные,Продукты,680,Лента,25.03.2025
Расход,Повседневные,Транспорт,247,Самокат,25.03.2025
Расход,Повседневные,Развлечения,644,Steam,25.03.2025
Расход,Повседневные,Продукты,1165,ВкусВилл,26.03.2025
Расход,Повседневные,Еда вне дома,415,Бургер,26.03.2025
Расход,Повседневные,Продукты,1195,Пятёрочка,27.03.2025
Расход,Повседневные,Транспорт,203,Метро,27.03.2025
Расход,Повседневные,Алкоголь,650,Красное&Белое,27.03.2025
Расход,Повседневные,Лекарства,747,,27.03.2025
Доход,Доходы,Фриланс,14332,Заказ,27.03.2025
Расход,Повседневные,Продукты,1197,Магнит,28.03.2025
Расход,Повседневные,Транспорт,115,Самокат,28.03.2025
Расход,Повседневные,Продукты,991,Ашан,29.03.2025
Расход,Повседневные,Еда вне дома,438,Шаурма,29.03.2025
Расход,Повседневные,Транспорт,91,Метро,29.03.2025
Расход,Повседневные,Развлечения,328,Steam,29.03.2025
Расход,Повседневные,Алкоголь,817,Винлаб,29.03.2025
Расход,Повседневные,Еда вне дома,191,Столовая,30.03.2025
Расход,Повседневные,Транспорт,117,Автобус,30.03.2025
Расход,Повседневные,Развлечения,975,Spotify,30.03.2025
Расход,Повседневные,Продукты,474,Лента,31.03.2025
Расход,Повседневные,Еда вне дома,260,Макдак,31.03.2025
Расход,Повседневные,Транспорт,198,Яндекс такси,31.03.2025
Расход,Повседневные,Бары и рестораны,943,Бар,31.03.2025
Расход,Повседневные,Лекарства,511,Аптека,31.03.2025
Расход,Крупные,Праздники,3971,Подарки,31.03.2025
Расход,Повседневные,Продукты,1135,ВкусВилл,01.04.2025
Расход,Повседневные,Еда вне дома,294,Макдак,01.04.2025
Расход,Повседневные,Транспорт,193,Яндекс такси,01.04.2025
Расход,Повседневные,Развлечения,1094,Netflix,01.04.2025
Расход,Повседневные,Лекарства,449,,01.04.2025
Расход,Крупные,Одежда,2697,Zara,01.04.2025
Доход,Доходы,Кэшбэк,168,Тинькофф,01.04.2025
Расход,Повседневные,Продукты,1001,Пятёрочка,02.04.2025
Расход,Повседневные,Транспорт,107,Самокат,02.04.2025
Расход,Повседневные,Связь,522,Билайн,03.04.2025
Расход,Повседневные,Продукты,1132,Пятёрочка,03.04.2025
Расход,Повседневные,Транспорт,240,,03.04.2025
Расход,Повседневные,Развлечения,864,Netflix,03.04.2025
Расход,Повседневные,Продукты,978,ВкусВилл,04.04.2025
Расход,Квартира,Ипотека,29500,Сбербанк,05.04.2025
Расход,Повседневные,Продукты,544,Пятёрочка,05.04.2025
Расход,Повседневные,Еда вне дома,255,Макдак,05.04.2025
Расход,Повседневные,Лекарства,1236,Здравсити,05.04.2025
Расход,Повседневные,Продукты,922,ВкусВилл,06.04.2025
Расход,Повседневные,Транспорт,205,,06.04.2025
Расход,Повседневные,Продукты,820,Лента,07.04.2025
Расход,Повседневные,Еда вне дома,238,Шаурма,07.04.2025
Расход,Повседневные,Прочее,317,Печать,07.04.2025
Доход,Доходы,Фриланс,7664,Проект,07.04.2025
Расход,Повседневные,Продукты,1147,ВкусВилл,08.04.2025
Расход,Повседневные,Еда вне дома,247,КФС,08.04.2025
Расход,Повседневные,Транспорт,51,Автобус,08.04.2025
Расход,Повседневные,Бары и рестораны,959,Бар,08.04.2025
Расход,Повседневные,Продукты,635,Перекрёсток,09.04.2025
Расход,Повседневные,Еда вне дома,249,Кафе,09.04.2025
Расход,Повседневные,Транспорт,153,,09.04.2025
Расход,Крупные,Праздники,6177,Декор,09.04.2025
Доход,Доходы,Зарплата,79130,,10.04.2025
Расход,Повседневные,Транспорт,222,Автобус,10.04.2025
Расход,Повседневные,Прочее,374,,10.04.2025
Расход,Повседневные,Продукты,757,Пятёрочка,11.04.2025
Расход,Повседневные,Еда вне дома,259,Пицца,11.04.2025
Расход,Повседневные,Развлечения,962,Концерт,11.04.2025
Расход,Повседневные,Алкоголь,324,Магнум,11.04.2025
Доход,Доходы,Кэшбэк,544,,11.04.2025
Расход,Повседневные,Продукты,354,Ашан,12.04.2025
Расход,Повседневные,Еда вне дома,423,Шаурма,12.04.2025
Расход,Повседневные,Транспорт,210,Метро,12.04.2025
Расход,Повседневные,Прочее,164,Канцтовары,12.04.2025
Расход,Повседневные,Продукты,884,Ашан,13.04.2025
Расход,Повседневные,Транспорт,151,Метро,13.04.2025
Расход,Повседневные,Алкоголь,694,Магнум,13.04.2025
Расход,Повседневные,Еда вне дома,399,Столовая,14.04.2025
Расход,Повседневные,Транспорт,203,Яндекс такси,14.04.2025
Расход,Квартира,ЖКХ,5924,Квартплата,15.04.2025
Расход,Повседневные,Продукты,988,Перекрёсток,15.04.2025
Расход,Повседневные,Еда вне дома,216,Бургер,15.04.2025
Расход,Повседневные,Транспорт,93,Метро,15.04.2025
Расход,Повседневные,Развлечения,1049,Spotify,15.04.2025
Расход,Повседневные,Здоровье,1022,Анализы,15.04.2025
Расход,Повседневные,Транспорт,189,,16.04.2025
Расход,Повседневные,Прочее,572,,16.04.2025
Доход,Доходы,Кэшбэк,569,Тинькофф,16.04.2025
Расход,Повседневные,Продукты,1028,Пятёрочка,17.04.2025
Расход,Повседневные,Транспорт,185,Метро,17.04.2025
Расход,Повседневные,Развлечения,1043,Netflix,17.04.2025
Расход,Повседневные,Продукты,1014,Пятёрочка,18.04.2025
Расход,Повседневные,Еда вне дома,340,Пицца,18.04.2025
Расход,Повседневные,Транспорт,121,,18.04.2025
Расход,Повседневные,Бары и рестораны,1031,Суши бар,18.04.2025
Расход,Повседневные,Развлечения,328,Spotify,18.04.2025
Расход,Повседневные,Прочее,490,,18.04.2025
Расход,Крупные,Образование,6979,Курсы,18.04.2025
Расход,Повседневные,Продукты,267,Пятёрочка,19.04.2025
Расход,Повседневные,Развлечения,772,Игры,19.04.2025
Расход,Повседневные,Прочее,298,Разное,19.04.2025
Расход,Повседневные,Продукты,499,Магнит,20.04.2025
Расход,Повседневные,Еда вне дома,224,Суши,20.04.2025
Расход,Повседневные,Транспорт,57,Автобус,20.04.2025
Расход,Повседневные,Продукты,655,Магнит,21.04.2025
Расход,Повседневные,Транспорт,133,Автобус,21.04.2025
Расход,Повседневные,Еда вне дома,224,КФС,22.04.2025
Расход,Повседневные,Транспорт,170,,22.04.2025
Расход,Повседневные,Прочее,295,Печать,23.04.2025
Доход,Доходы,Кэшбэк,515,Сбер,23.04.2025
Расход,Повседневные,Еда вне дома,350,КФС,24.04.2025
Расход,Повседневные,Транспорт,109,Яндекс такси,24.04.2025
Расход,Повседневные,Бары и рестораны,1812,Ресторан,24.04.2025
Расход,Повседневные,Продукты,468,Перекрёсток,25.04.2025
Расход,Повседневные,Транспорт,222,Метро,25.04.2025
Расход,Повседневные,Продукты,326,Пятёрочка,26.04.2025
Расход,Повседневные,Транспорт,73,Автобус,26.04.2025
Расход,Повседневные,Развлечения,945,Steam,26.04.2025
Расход,Повседневные,Продукты,759,Лента,27.04.2025
Расход,Повседневные,Еда вне дома,239,Столовая,27.04.2025
Расход,Повседневные,Транспорт,99,Самокат,27.04.2025
Расход,Повседневные,Развлечения,574,Кино,27.04.2025
Расход,Повседневные,Прочее,591,Печать,27.04.2025
Расход,Повседневные,Продукты,691,Ашан,28.04.2025
Расход,Повседневные,Еда вне дома,357,Пицца,28.04.2025
Расход,Повседневные,Транспорт,228,Яндекс такси,28.04.2025
Расход,Повседневные,Продукты,658,ВкусВилл,29.04.2025
Расход,Повседневные,Еда вне дома,319,Кафе,29.04.2025
Расход,Повседневные,Транспорт,85,Автобус,29.04.2025
Расход,Повседневные,Продукты,821,Пятёрочка,30.04.2025
Расход,Повседневные,Еда вне дома,196,Шаурма,30.04.2025
Расход,Повседневные,Транспорт,130,Яндекс такси,30.04.2025
Расход,Повседневные,Развлечения,503,Netflix,30.04.2025
Расход,Повседневные,Алкоголь,925,Винлаб,30.04.2025
Расход,Повседневные,Продукты,578,Лента,01.05.2025
Расход,Повседневные,Транспорт,168,Автобус,01.05.2025
Расход,Повседневные,Продукты,1095,Перекрёсток,02.05.2025
Расход,Повседневные,Транспорт,56,Метро,02.05.2025
Расход,Повседневные,Бары и рестораны,711,Суши бар,02.05.2025
Расход,Повседневные,Алкоголь,904,,02.05.2025
Расход,Повседневные,Связь,436,МТС,03.05.2025
Расход,Повседневные,Продукты,504,Лента,03.05.2025
Расход,Повседневные,Еда вне дома,409,Шаурма,03.05.2025
Расход,Повседневные,Транспорт,142,Метро,03.05.2025
Расход,Повседневные,Еда вне дома,299,Столовая,04.05.2025
Расход,Повседневные,Транспорт,71,Метро,04.05.2025
Расход,Квартира,Ипотека,29500,Сбербанк,05.05.2025
Расход,Повседневные,Продукты,560,Пятёрочка,05.05.2025
Расход,Повседневные,Еда вне дома,251,Шаурма,05.05.2025
Расход,Повседневные,Прочее,231,Печать,05.05.2025
Расход,Повседневные,Продукты,202,Перекрёсток,06.05.2025
Расход,Повседневные,Продукты,1057,Перекрёсток,07.05.2025
Расход,Повседневные,Еда вне дома,184,Макдак,07.05.2025
Расход,Повседневные,Транспорт,247,Самокат,07.05.2025
Расход,Повседневные,Прочее,697,,07.05.2025
Расход,Повседневные,Продукты,431,ВкусВилл,08.05.2025
Расход,Повседневные,Еда вне дома,420,Столовая,08.05.2025
Расход,Повседневные,Транспорт,185,Автобус,08.05.2025
Расход,Повседневные,Развлечения,345,Spotify,08.05.2025
Расход,Повседневные,Алкоголь,887,,08.05.2025
Расход,Повседневные,Прочее,429,,08.05.2025
Расход,Повседневные,Продукты,540,Перекрёсток,09.05.2025
Расход,Повседневные,Еда вне дома,312,Шаурма,09.05.2025
Расход,Крупные,Праздники,6848,Ресторан,09.05.2025
Доход,Доходы,Зарплата,78399,,10.05.2025
Расход,Повседневные,Развлечения,442,Кино,10.05.2025
Расход,Повседневные,Продукты,754,Магнит,11.05.2025
Расход,Повседневные,Транспорт,179,Яндекс такси,11.05.2025
Расход,Повседневные,Продукты,767,Перекрёсток,12.05.2025
Расход,Повседневные,Еда вне дома,391,КФС,12.05.2025
Расход,Повседневные,Транспорт,239,Самокат,12.05.2025
Расход,Повседневные,Продукты,270,Перекрёсток,13.05.2025
Расход,Повседневные,Еда вне дома,374,Пицца,13.05.2025
Расход,Крупные,Праздники,4339,Декор,13.05.2025
Расход,Повседневные,Продукты,837,ВкусВилл,14.05.2025
Расход,Повседневные,Транспорт,92,Яндекс такси,14.05.2025
Расход,Квартира,ЖКХ,5457,Квартплата,15.05.2025
Расход,Повседневные,Продукты,1040,Ашан,15.05.2025
Расход,Повседневные,Транспорт,230,Самокат,15.05.2025
Расход,Повседневные,Продукты,688,Пятёрочка,16.05.2025
Расход,Повседневные,Транспорт,192,Самокат,16.05.2025
Расход,Повседневные,Продукты,879,Магнит,17.05.2025
Расход,Повседневные,Еда вне дома,348,Кафе,17.05.2025
Расход,Повседневные,Транспорт,244,Самокат,17.05.2025
Расход,Повседневные,Бары и рестораны,1136,Кальянная,17.05.2025
Расход,Повседневные,Развлечения,776,Netflix,17.05.2025
Расход,Повседневные,Транспорт,231,,18.05.2025
Расход,Повседневные,Развлечения,1068,Spotify,18.05.2025
Расход,Повседневные,Продукты,1007,Перекрёсток,19.05.2025
Расход,Повседневные,Еда вне дома,305,Кафе,19.05.2025
Расход,Повседневные,Транспорт,216,Яндекс такси,19.05.2025
Расход,Повседневные,Прочее,330,,19.05.2025
Расход,Повседневные,Продукты,379,Магнит,20.05.2025
Расход,Повседневные,Еда вне дома,401,КФС,20.05.2025
Расход,Повседневные,Транспорт,126,Автобус,20.05.2025
Расход,Крупные,Красота и здоровье,2307,Маникюр,20.05.2025
Доход,Доходы,Кэшбэк,206,Сбер,20.05.2025
Расход,Повседневные,Продукты,251,ВкусВилл,21.05.2025
Расход,Повседневные,Транспорт,116,Автобус,21.05.2025
Расход,Повседневные,Продукты,859,Лента,22.05.2025
Расход,Повседневные,Еда вне дома,391,Бургер,22.05.2025
Расход,Повседневные,Прочее,483,,22.05.2025
Расход,Повседневные,Продукты,1164,Магнит,23.05.2025
Расход,Крупные,Одежда,2158,Zara,23.05.2025
Расход,Повседневные,Продукты,483,Лента,24.05.2025
Расход,Повседневные,Еда вне дома,441,Макдак,24.05.2025
Расход,Повседневные,Транспорт,159,Метро,24.05.2025
Расход,Повседневные,Развлечения,382,Steam,24.05.2025
Расход,Повседневные,Продукты,659,Лента,25.05.2025
Расход,Повседневные,Транспорт,55,Самокат,25.05.2025
Расход,Повседневные,Еда вне дома,188,Макдак,26.05.2025
Расход,Повседневные,Бары и рестораны,1809,Ресторан,26.05.2025
Расход,Крупные,Путешествия,22840,Тур,26.05.2025
Доход,Доходы,Кэшбэк,556,,26.05.2025
Расход,Повседневные,Продукты,1009,Перекрёсток,27.05.2025
Расход,Повседневные,Еда вне дома,400,Суши,27.05.2025
Расход,Повседневные,Транспорт,111,,27.05.2025
Расход,Повседневные,Транспорт,241,,28.05.2025
Расход,Повседневные,Прочее,647,Канцтовары,28.05.2025
Расход,Квартира,Все для дома,2049,,28.05.2025
Расход,Повседневные,Продукты,773,Пятёрочка,29.05.2025
Расход,Повседневные,Прочее,640,Канцтовары,29.05.2025
Расход,Повседневные,Продукты,1014,Магнит,30.05.2025
Расход,Повседневные,Еда вне дома,231,Столовая,30.05.2025
Расход,Повседневные,Транспорт,56,Яндекс такси,30.05.2025
Расход,Повседневные,Развлечения,318,Netflix,30.05.2025
Расход,Повседневные,Продукты,810,Пятёрочка,31.05.2025
Расход,Повседневные,Продукты,592,Ашан,01.06.2025
Расход,Повседневные,Транспорт,247,,01.06.2025
Доход,Доходы,Кэшбэк,302,,01.06.2025
Расход,Повседневные,Транспорт,232,Самокат,02.06.2025
Расход,Повседневные,Алкоголь,649,Красное&Белое,02.06.2025
Расход,Повседневные,Связь,496,Интернет,03.06.2025
Расход,Повседневные,Транспорт,216,Самокат,03.06.2025
Расход,Повседневные,Развлечения,1008,Кино,03.06.2025
Расход,Повседневные,Здоровье,3252,Врач,03.06.2025
Расход,Повседневные,Прочее,553,Печать,03.06.2025
Расход,Повседневные,Продукты,831,Ашан,04.06.2025
Расход,Повседневные,Еда вне дома,309,Кафе,04.06.2025
Расход,Повседневные,Транспорт,133,Автобус,04.06.2025
Расход,Квартира,Ипотека,29500,Сбербанк,05.06.2025
Расход,Повседневные,Продукты,505,Магнит,05.06.2025
Расход,Повседневные,Транспорт,118,Метро,05.06.2025
Расход,Повседневные,Бары и рестораны,2122,Суши бар,06.06.2025
Расход,Повседневные,Прочее,527,Печать,06.06.2025
Расход,Повседневные,Продукты,1183,Перекрёсток,07.06.2025
Расход,Повседневные,Еда вне дома,331,Пицца,07.06.2025
Расход,Повседневные,Транспорт,115,,07.06.2025
Расход,Повседневные,Развлечения,637,Steam,07.06.2025
Расход,Повседневные,Продукты,789,Пятёрочка,08.06.2025
Расход,Повседневные,Еда вне дома,400,КФС,08.06.2025
Расход,Повседневные,Транспорт,172,Автобус,08.06.2025
Расход,Повседневные,Развлечения,304,Игры,08.06.2025
Расход,Повседневные,Прочее,689,Печать,08.06.2025
Расход,Повседневные,Продукты,872,ВкусВилл,09.06.2025
Расход,Повседневные,Еда вне дома,361,Пицца,09.06.2025
Расход,Повседневные,Транспорт,134,Автобус,09.06.2025
Расход,Повседневные,Развлечения,916,Кино,09.06.2025
Доход,Доходы,Кэшбэк,437,Тинькофф,09.06.2025
Доход,Доходы,Зарплата,82619,,10.06.2025
Расход,Повседневные,Продукты,353,Ашан,10.06.2025
Расход,Повседневные,Еда вне дома,270,Кафе,10.06.2025
Расход,Повседневные,Транспорт,65,Автобус,10.06.2025
Расход,Повседневные,Прочее,476,Разное,10.06.2025
Расход,Повседневные,Продукты,852,Перекрёсток,11.06.2025
Расход,Повседневные,Еда вне дома,179,Шаурма,11.06.2025
Расход,Повседневные,Транспорт,238,Самокат,11.06.2025
Расход,Повседневные,Продукты,1002,Лента,12.06.2025
Расход,Повседневные,Развлечения,823,Игры,12.06.2025
Расход,Повседневные,Продукты,1008,Ашан,13.06.2025
Расход,Повседневные,Еда вне дома,244,Суши,13.06.2025
Расход,Повседневные,Транспорт,140,,13.06.2025
Расход,Повседневные,Развлечения,586,Кино,13.06.2025
Расход,Повседневные,Еда вне дома,325,Шаурма,14.06.2025
Расход,Повседневные,Транспорт,77,Яндекс такси,14.06.2025
Расход,Квартира,ЖКХ,4586,Квартплата,15.06.2025
Расход,Повседневные,Еда вне дома,412,Бургер,15.06.2025
Расход,Повседневные,Транспорт,212,Метро,15.06.2025
Расход,Повседневные,Алкоголь,371,,15.06.2025
Расход,Повседневные,Прочее,163,Разное,15.06.2025
Доход,Доходы,Кэшбэк,253,,15.06.2025
Расход,Повседневные,Продукты,469,Ашан,16.06.2025
Расход,Повседневные,Еда вне дома,322,КФС,16.06.2025
Расход,Повседневные,Транспорт,182,Автобус,16.06.2025
Расход,Повседневные,Бары и рестораны,1313,Кальянная,16.06.2025
Расход,Повседневные,Продукты,530,Ашан,17.06.2025
Расход,Повседневные,Еда вне дома,260,КФС,17.06.2025
Расход,Квартира,Ремонт,8427,Мастер,17.06.2025
Расход,Повседневные,Продукты,444,ВкусВилл,18.06.2025
Расход,Повседневные,Прочее,320,Печать,18.06.2025
Расход,Повседневные,Транспорт,78,Яндекс такси,19.06.2025
Расход,Повседневные,Продукты,520,Лента,20.06.2025
Расход,Повседневные,Еда вне дома,376,Бургер,20.06.2025
Расход,Повседневные,Бары и рестораны,2064,Паб,20.06.2025
Расход,Повседневные,Развлечения,390,Steam,20.06.2025
Доход,Доходы,Кэшбэк,483,,20.06.2025
Расход,Повседневные,Еда вне дома,362,Шаурма,21.06.2025
Расход,Повседневные,Транспорт,154,Метро,21.06.2025
Расход,Повседневные,Еда вне дома,208,Кафе,22.06.2025
Расход,Повседневные,Прочее,151,Разное,22.06.2025
Расход,Повседневные,Еда вне дома,233,КФС,23.06.2025
Расход,Повседневные,Прочее,172,,23.06.2025
Расход,Повседневные,Продукты,740,Лента,24.06.2025
Расход,Повседневные,Бары и рестораны,2001,Паб,24.06.2025
Расход,Повседневные,Продукты,248,Перекрёсток,25.06.2025
Расход,Повседневные,Еда вне дома,311,КФС,25.06.2025
Расход,Повседневные,Транспорт,177,,25.06.2025
Расход,Повседневные,Развлечения,529,Игры,25.06.2025
Расход,Повседневные,Прочее,273,,25.06.2025
Расход,Повседневные,Продукты,1162,Пятёрочка,26.06.2025
Расход,Повседневные,Еда вне дома,319,Бургер,26.06.2025
Расход,Повседневные,Транспорт,248,,26.06.2025
Расход,Повседневные,Развлечения,924,Кино,26.06.2025
Расход,Повседневные,Алкоголь,1042,Красное&Белое,26.06.2025
Расход,Повседневные,Продукты,264,Ашан,27.06.2025
Расход,Повседневные,Еда вне дома,428,Пицца,27.06.2025
Расход,Повседневные,Транспорт,122,Метро,27.06.2025
Расход,Повседневные,Алкоголь,309,Красное&Белое,27.06.2025
Расход,Повседневные,Еда вне дома,232,Кафе,28.06.2025
Расход,Повседневные,Транспорт,110,Метро,28.06.2025
Расход,Повседневные,Прочее,385,,28.06.2025
Расход,Повседневные,Транспорт,64,,29.06.2025
Расход,Повседневные,Бары и рестораны,2013,Бар,29.06.2025
Расход,Повседневные,Продукты,333,Лента,30.06.2025
Расход,Повседневные,Еда вне дома,340,Бургер,30.06.2025
Расход,Повседневные,Транспорт,211,Метро,30.06.2025
Расход,Повседневные,Прочее,696,Канцтовары,30.06.2025
Расход,Крупные,Красота и здоровье,2602,Салон,30.06.2025
Расход,Повседневные,Продукты,512,Ашан,01.07.2025
Расход,Повседневные,Транспорт,66,Автобус,01.07.2025
Расход,Повседневные,Бары и рестораны,1850,Кальянная,01.07.2025
Расход,Повседневные,Лекарства,1095,Аптека 36.6,01.07.2025
Расход,Повседневные,Продукты,534,Магнит,02.07.2025
Расход,Повседневные,Транспорт,109,Метро,02.07.2025
Расход,Крупные,Праздники,5146,Подарки,02.07.2025
Расход,Повседневные,Связь,358,Билайн,03.07.2025
Расход,Повседневные,Продукты,1039,Магнит,03.07.2025
Расход,Повседневные,Еда вне дома,442,Столовая,03.07.2025
Расход,Повседневные,Транспорт,248,,03.07.2025
Расход,Повседневные,Прочее,315,Печать,03.07.2025
Расход,Повседневные,Продукты,441,ВкусВилл,04.07.2025
Расход,Повседневные,Еда вне дома,354,Пицца,04.07.2025
Расход,Повседневные,Транспорт,199,Метро,04.07.2025
Расход,Повседневные,Прочее,228,,04.07.2025
Расход,Квартира,Ипотека,29500,Сбербанк,05.07.2025
Расход,Повседневные,Еда вне дома,361,Пицца,05.07.2025
Расход,Повседневные,Транспорт,119,,05.07.2025
Расход,Повседневные,Продукты,987,Магнит,06.07.2025
Расход,Повседневные,Еда вне дома,437,Пицца,06.07.2025
Расход,Повседневные,Транспорт,118,Метро,06.07.2025
Расход,Повседневные,Продукты,659,Ашан,07.07.2025
Расход,Повседневные,Еда вне дома,313,Бургер,07.07.2025
Расход,Крупные,Праздники,5321,Ресторан,07.07.2025
Расход,Повседневные,Еда вне дома,312,Бургер,08.07.2025
Доход,Доходы,Премия,33830,Квартальная,08.07.2025
Расход,Повседневные,Продукты,433,Пятёрочка,09.07.2025
Расход,Повседневные,Еда вне дома,307,Шаурма,09.07.2025
Доход,Доходы,Кэшбэк,451,Сбер,09.07.2025
Доход,Доходы,Зарплата,72660,,10.07.2025
Расход,Повседневные,Транспорт,93,Автобус,10.07.2025
Расход,Повседневные,Транспорт,216,Самокат,11.07.2025
Расход,Повседневные,Здоровье,983,Стоматолог,11.07.2025
Расход,Повседневные,Продукты,790,Ашан,12.07.2025
Расход,Повседневные,Еда вне дома,407,Шаурма,12.07.2025
Расход,Повседневные,Транспорт,155,Метро,12.07.2025
Расход,Повседневные,Продукты,883,Перекрёсток,13.07.2025
Расход,Повседневные,Транспорт,122,Самокат,13.07.2025
Расход,Повседневные,Развлечения,262,Steam,13.07.2025
Расход,Повседневные,Прочее,535,,13.07.2025
Расход,Повседневные,Еда вне дома,302,КФС,14.07.2025
Расход,Квартира,ЖКХ,5038,Квартплата,15.07.2025
Расход,Повседневные,Еда вне дома,446,КФС,15.07.2025
Расход,Повседневные,Транспорт,225,Яндекс такси,15.07.2025
Расход,Повседневные,Продукты,683,Лента,16.07.2025
Расход,Повседневные,Транспорт,158,Метро,16.07.2025
Расход,Повседневные,Продукты,626,Ашан,17.07.2025
Расход,Повседневные,Развлечения,395,Steam,17.07.2025
Доход,Доходы,Кэшбэк,364,Тинькофф,17.07.2025
Расход,Повседневные,Транспорт,235,Метро,18.07.2025
Расход,Повседневные,Прочее,579,Разное,18.07.2025
Расход,Повседневные,Продукты,1000,Пятёрочка,19.07.2025
Расход,Повседневные,Еда вне дома,247,Шаурма,19.07.2025
Расход,Повседневные,Транспорт,155,,19.07.2025
Расход,Повседневные,Прочее,516,Канцтовары,19.07.2025
Расход,Повседневные,Продукты,796,Магнит,20.07.2025
Расход,Повседневные,Еда вне дома,296,Макдак,20.07.2025
Расход,Повседневные,Развлечения,562,Кино,20.07.2025
Расход,Повседневные,Продукты,898,ВкусВилл,21.07.2025
Расход,Повседневные,Еда вне дома,389,Бургер,21.07.2025
Расход,Повседневные,Транспорт,198,Яндекс такси,21.07.2025
Доход,Доходы,Кэшбэк,491,Тинькофф,21.07.2025
Расход,Повседневные,Продукты,605,Пятёрочка,22.07.2025
Расход,Повседневные,Еда вне дома,210,Макдак,22.07.2025
Расход,Повседневные,Транспорт,173,Метро,22.07.2025
Расход,Повседневные,Алкоголь,685,Винлаб,22.07.2025
Расход,Крупные,Праздники,4742,Ресторан,22.07.2025
Расход,Повседневные,Продукты,1063,Магнит,23.07.2025
Расход,Повседневные,Транспорт,154,,23.07.2025
Расход,Повседневные,Продукты,980,Магнит,24.07.2025
Расход,Повседневные,Еда вне дома,195,Пицца,24.07.2025
Расход,Повседневные,Здоровье,1298,Стоматолог,24.07.2025
Расход,Повседневные,Продукты,553,Магнит,25.07.2025
Расход,Повседневные,Еда вне дома,299,Макдак,25.07.2025
Расход,Повседневные,Транспорт,135,,25.07.2025
Расход,Повседневные,Продукты,978,Пятёрочка,26.07.2025
Расход,Повседневные,Еда вне дома,284,Столовая,26.07.2025
Расход,Повседневные,Транспорт,238,Самокат,26.07.2025
Расход,Повседневные,Алкоголь,413,,26.07.2025
Расход,Повседневные,Продукты,516,Перекрёсток,27.07.2025
Расход,Повседневные,Транспорт,179,Самокат,27.07.2025
Расход,Повседневные,Еда вне дома,170,Макдак,28.07.2025
Расход,Повседневные,Транспорт,233,Автобус,28.07.2025
Доход,Доходы,Кэшбэк,555,,28.07.2025
Расход,Повседневные,Продукты,693,ВкусВилл,29.07.2025
Расход,Повседневные,Еда вне дома,420,Бургер,29.07.2025
Расход,Повседневные,Транспорт,238,Метро,29.07.2025
Расход,Повседневные,Продукты,689,Магнит,31.07.2025
Расход,Повседневные,Еда вне дома,296,КФС,31.07.2025
Расход,Повседневные,Развлечения,287,Netflix,31.07.2025
Расход,Повседневные,Продукты,608,Ашан,01.08.2025
Расход,Повседневные,Еда вне дома,223,КФС,01.08.2025
Расход,Повседневные,Транспорт,90,,01.08.2025
Расход,Повседневные,Еда вне дома,222,Кафе,02.08.2025
Расход,Повседневные,Развлечения,1032,Кино,02.08.2025
Расход,Квартира,Все для дома,1950,,02.08.2025
Расход,Повседневные,Связь,526,Интернет,03.08.2025
Расход,Повседневные,Транспорт,169,Метро,03.08.2025
Расход,Повседневные,Бары и рестораны,1098,Суши бар,03.08.2025
Расход,Повседневные,Продукты,758,Перекрёсток,04.08.2025
Расход,Повседневные,Транспорт,95,,04.08.2025
Расход,Повседневные,Развлечения,263,Кино,04.08.2025
Расход,Квартира,Ипотека,29500,Сбербанк,05.08.2025
Расход,Повседневные,Продукты,1004,Перекрёсток,05.08.2025
Расход,Повседневные,Еда вне дома,424,Кафе,05.08.2025
Расход,Повседневные,Транспорт,145,Метро,05.08.2025
Доход,Доходы,Кэшбэк,377,,05.08.2025
Расход,Повседневные,Транспорт,127,,06.08.2025
Расход,Повседневные,Транспорт,248,Яндекс такси,07.08.2025
Расход,Повседневные,Продукты,827,Лента,08.08.2025
Расход,Повседневные,Транспорт,144,,08.08.2025
Расход,Повседневные,Развлечения,428,Игры,08.08.2025
Расход,Повседневные,Продукты,683,Лента,09.08.2025
Расход,Повседневные,Еда вне дома,438,Пицца,09.08.2025
Расход,Повседневные,Транспорт,204,Автобус,09.08.2025
Расход,Повседневные,Развлечения,319,Steam,09.08.2025
Доход,Доходы,Зарплата,82115,,10.08.2025
Расход,Повседневные,Продукты,1026,ВкусВилл,10.08.2025
Расход,Повседневные,Транспорт,247,Самокат,10.08.2025
Расход,Повседневные,Здоровье,3189,Анализы,10.08.2025
Расход,Повседневные,Продукты,289,Магнит,11.08.2025
Расход,Повседневные,Еда вне дома,271,Шаурма,11.08.2025
Расход,Повседневные,Продукты,894,Перекрёсток,12.08.2025
Расход,Повседневные,Еда вне дома,210,Бургер,12.08.2025
Расход,Повседневные,Транспорт,89,Метро,12.08.2025
Расход,Повседневные,Прочее,424,Разное,12.08.2025
Расход,Повседневные,Продукты,305,Лента,13.08.2025
Расход,Повседневные,Транспорт,80,Самокат,13.08.2025
Расход,Повседневные,Развлечения,614,Игры,13.08.2025
Расход,Повседневные,Алкоголь,483,,13.08.2025
Расход,Квартира,Ремонт,3292,OBI,13.08.2025
Расход,Повседневные,Продукты,437,Магнит,14.08.2025
Расход,Повседневные,Еда вне дома,393,Пицца,14.08.2025
Расход,Повседневные,Транспорт,102,,14.08.2025
Расход,Повседневные,Развлечения,293,Steam,14.08.2025
Расход,Повседневные,Прочее,355,,14.08.2025
Доход,Доходы,Кэшбэк,375,Сбер,14.08.2025
Расход,Квартира,ЖКХ,4810,Квартплата,15.08.2025
Расход,Повседневные,Транспорт,130,Яндекс такси,15.08.2025
Расход,Повседневные,Развлечения,273,Netflix,15.08.2025
Расход,Повседневные,Продукты,937,ВкусВилл,16.08.2025
Расход,Повседневные,Еда вне дома,309,Шаурма,16.08.2025
Расход,Повседневные,Транспорт,162,Метро,16.08.2025
Расход,Повседневные,Развлечения,503,Кино,16.08.2025
Расход,Повседневные,Алкоголь,682,,16.08.2025
Расход,Повседневные,Прочее,633,Печать,16.08.2025
Расход,Квартира,Все для дома,1593,,16.08.2025
Расход,Повседневные,Продукты,401,Лента,17.08.2025
Расход,Повседневные,Продукты,706,Ашан,18.08.2025
Расход,Повседневные,Транспорт,249,,18.08.2025
Доход,Доходы,Кэшбэк,166,Тинькофф,18.08.2025
Расход,Повседневные,Еда вне дома,401,Пицца,19.08.2025
Расход,Повседневные,Еда вне дома,389,КФС,20.08.2025
Расход,Повседневные,Транспорт,216,Самокат,20.08.2025
Расход,Повседневные,Продукты,655,Магнит,21.08.2025
Расход,Повседневные,Транспорт,156,Автобус,21.08.2025
Расход,Повседневные,Развлечения,810,Netflix,21.08.2025
Расход,Повседневные,Продукты,863,Перекрёсток,22.08.2025
Расход,Повседневные,Развлечения,950,Spotify,22.08.2025
Расход,Повседневные,Здоровье,3479,Анализы,22.08.2025
Расход,Повседневные,Транспорт,109,Автобус,23.08.2025
Расход,Повседневные,Бары и рестораны,747,Ресторан,23.08.2025
Расход,Повседневные,Еда вне дома,448,Пицца,24.08.2025
Расход,Повседневные,Транспорт,211,Метро,24.08.2025
Расход,Повседневные,Бары и рестораны,877,Бар,24.08.2025
Расход,Повседневные,Транспорт,136,Метро,25.08.2025
Расход,Повседневные,Транспорт,181,Метро,26.08.2025
Расход,Повседневные,Бары и рестораны,985,Ресторан,26.08.2025
Расход,Повседневные,Продукты,346,ВкусВилл,27.08.2025
Расход,Повседневные,Еда вне дома,372,Столовая,27.08.2025
Расход,Повседневные,Транспорт,164,,27.08.2025
Расход,Повседневные,Бары и рестораны,718,Кальянная,27.08.2025
Расход,Повседневные,Прочее,685,,27.08.2025
Расход,Повседневные,Еда вне дома,211,Шаурма,28.08.2025
Расход,Повседневные,Продукты,1093,Перекрёсток,29.08.2025
Расход,Повседневные,Еда вне дома,434,КФС,29.08.2025
Расход,Повседневные,Транспорт,181,Автобус,29.08.2025
Расход,Повседневные,Развлечения,458,Игры,29.08.2025
Расход,Повседневные,Прочее,166,Канцтовары,29.08.2025
Доход,Доходы,Кэшбэк,586,,29.08.2025
Расход,Повседневные,Продукты,811,Ашан,30.08.2025
Расход,Повседневные,Прочее,363,Канцтовары,30.08.2025
Расход,Повседневные,Продукты,200,Магнит,31.08.2025
Расход,Повседневные,Еда вне дома,242,Столовая,31.08.2025
Расход,Крупные,Образование,4683,Книги,31.08.2025
Расход,Повседневные,Еда вне дома,337,Макдак,01.09.2025
Расход,Повседневные,Бары и рестораны,2158,Ресторан,01.09.2025
Расход,Повседневные,Развлечения,1036,Игры,01.09.2025
Расход,Повседневные,Алкоголь,1079,Винлаб,01.09.2025
Доход,Доходы,Кэшбэк,85,,01.09.2025
Расход,Повседневные,Продукты,372,ВкусВилл,02.09.2025
Расход,Повседневные,Еда вне дома,311,Шаурма,02.09.2025
Расход,Повседневные,Транспорт,204,Автобус,02.09.2025
Расход,Повседневные,Связь,429,Интернет,03.09.2025
Расход,Повседневные,Продукты,817,Магнит,03.09.2025
Расход,Повседневные,Еда вне дома,262,Кафе,03.09.2025
Расход,Повседневные,Транспорт,198,Метро,03.09.2025
Расход,Повседневные,Продукты,431,Лента,04.09.2025
Расход,Повседневные,Еда вне дома,197,Кафе,04.09.2025
Расход,Квартира,Ипотека,29500,Сбербанк,05.09.2025
Расход,Повседневные,Продукты,753,Перекрёсток,05.09.2025
Расход,Повседневные,Еда вне дома,315,Суши,05.09.2025
Расход,Повседневные,Транспорт,108,Яндекс такси,05.09.2025
Расход,Повседневные,Развлечения,735,Spotify,05.09.2025
Расход,Повседневные,Продукты,1154,ВкусВилл,06.09.2025
Расход,Повседневные,Еда вне дома,395,Макдак,06.09.2025
Расход,Повседневные,Транспорт,236,,06.09.2025
Расход,Повседневные,Алкоголь,490,Красное&Белое,06.09.2025
Расход,Повседневные,Продукты,970,Ашан,07.09.2025
Расход,Повседневные,Еда вне дома,303,Макдак,07.09.2025
Расход,Повседневные,Транспорт,187,Метро,07.09.2025
Расход,Повседневные,Бары и рестораны,1211,Бар,07.09.2025
Расход,Повседневные,Развлечения,355,Концерт,07.09.2025
Расход,Повседневные,Алкоголь,659,Магнум,07.09.2025
Расход,Повседневные,Прочее,681,Канцтовары,07.09.2025
Расход,Повседневные,Продукты,857,ВкусВилл,08.09.2025
Расход,Повседневные,Транспорт,96,Метро,08.09.2025
Расход,Повседневные,Развлечения,903,Netflix,08.09.2025
Расход,Повседневные,Продукты,955,Пятёрочка,09.09.2025
Расход,Повседневные,Еда вне дома,445,Бургер,09.09.2025
Расход,Повседневные,Транспорт,168,Автобус,09.09.2025
Расход,Повседневные,Алкоголь,1099,,09.09.2025
Доход,Доходы,Кэшбэк,468,,09.09.2025
Доход,Доходы,Зарплата,83974,,10.09.2025
Расход,Повседневные,Продукты,906,Лента,10.09.2025
Расход,Повседневные,Еда вне дома,297,КФС,10.09.2025
Расход,Повседневные,Транспорт,68,,10.09.2025
Расход,Повседневные,Развлечения,364,Кино,10.09.2025
Расход,Повседневные,Прочее,381,Разное,10.09.2025
Расход,Повседневные,Продукты,837,Магнит,11.09.2025
Расход,Повседневные,Еда вне дома,202,Бургер,11.09.2025
Расход,Повседневные,Транспорт,174,,11.09.2025
Доход,Доходы,Кэшбэк,128,Тинькофф,11.09.2025
Расход,Повседневные,Продукты,1170,Ашан,12.09.2025
Расход,Повседневные,Продукты,1055,Лента,13.09.2025
Расход,Повседневные,Еда вне дома,169,Столовая,13.09.2025
Расход,Повседневные,Транспорт,114,Метро,13.09.2025
Расход,Повседневные,Развлечения,622,Spotify,13.09.2025
Расход,Повседневные,Еда вне дома,398,Суши,14.09.2025
Расход,Повседневные,Транспорт,239,Яндекс такси,14.09.2025
Расход,Повседневные,Бары и рестораны,1251,Суши бар,14.09.2025
Расход,Квартира,ЖКХ,4759,Квартплата,15.09.2025
Расход,Повседневные,Продукты,605,Перекрёсток,16.09.2025
Расход,Повседневные,Еда вне дома,231,Бургер,16.09.2025
Расход,Повседневные,Бары и рестораны,1575,Ресторан,16.09.2025
Расход,Повседневные,Продукты,739,Магнит,17.09.2025
Расход,Повседневные,Транспорт,175,,17.09.2025
Расход,Повседневные,Развлечения,906,Игры,17.09.2025
Расход,Повседневные,Продукты,705,Магнит,18.09.2025
Расход,Повседневные,Транспорт,118,Самокат,18.09.2025
Расход,Повседневные,Прочее,416,Канцтовары,18.09.2025
Расход,Повседневные,Продукты,655,Пятёрочка,19.09.2025
Расход,Повседневные,Еда вне дома,173,Макдак,19.09.2025
Расход,Повседневные,Развлечения,262,Концерт,19.09.2025
Расход,Крупные,Одежда,6580,H&M,19.09.2025
Расход,Квартира,Ремонт,4163,Мастер,19.09.2025
Расход,Повседневные,Продукты,803,ВкусВилл,20.09.2025
Расход,Повседневные,Еда вне дома,395,Кафе,20.09.2025
Расход,Повседневные,Развлечения,695,Netflix,20.09.2025
Расход,Повседневные,Еда вне дома,168,КФС,21.09.2025
Расход,Повседневные,Транспорт,206,Автобус,21.09.2025
Расход,Повседневные,Развлечения,278,Игры,21.09.2025
Расход,Повседневные,Транспорт,117,,22.09.2025
Расход,Повседневные,Бары и рестораны,1490,Паб,22.09.2025
Расход,Повседневные,Алкоголь,428,,22.09.2025
Расход,Повседневные,Продукты,448,Ашан,23.09.2025
Расход,Повседневные,Еда вне дома,410,Пицца,23.09.2025
Расход,Повседневные,Транспорт,153,Самокат,23.09.2025
Расход,Повседневные,Развлечения,845,Steam,23.09.2025
Расход,Повседневные,Прочее,565,,24.09.2025
Расход,Повседневные,Продукты,1171,Магнит,25.09.2025
Расход,Повседневные,Еда вне дома,159,Шаурма,25.09.2025
Расход,Повседневные,Транспорт,132,Автобус,25.09.2025
Расход,Повседневные,Транспорт,202,Автобус,26.09.2025
Расход,Повседневные,Здоровье,777,Врач,26.09.2025
Расход,Повседневные,Прочее,439,,26.09.2025
Расход,Повседневные,Еда вне дома,361,Суши,27.09.2025
Расход,Повседневные,Транспорт,110,Автобус,27.09.2025
Расход,Повседневные,Прочее,589,Разное,27.09.2025
Расход,Повседневные,Еда вне дома,298,Столовая,28.09.2025
Расход,Повседневные,Транспорт,129,Автобус,28.09.2025
Расход,Повседневные,Бары и рестораны,1201,Кальянная,28.09.2025
Расход,Квартира,Все для дома,763,Hoff,28.09.2025
Расход,Повседневные,Продукты,777,Ашан,29.09.2025
Расход,Повседневные,Еда вне дома,346,Макдак,29.09.2025
Расход,Повседневные,Транспорт,127,Самокат,29.09.2025
Расход,Повседневные,Развлечения,908,Кино,29.09.2025
Расход,Повседневные,Здоровье,1075,Анализы,29.09.2025
Расход,Повседневные,Прочее,473,Печать,29.09.2025
Расход,Повседневные,Еда вне дома,247,Шаурма,30.09.2025
Расход,Повседневные,Транспорт,80,Самокат,30.09.2025
Расход,Крупные,Праздники,4787,Подарки,30.09.2025
Доход,Доходы,Фриланс,16425,Проект,30.09.2025
Расход,Повседневные,Продукты,1037,Перекрёсток,01.10.2025
Расход,Повседневные,Транспорт,169,,01.10.2025
Доход,Доходы,Кэшбэк,243,Сбер,01.10.2025
Расход,Повседневные,Продукты,601,Ашан,02.10.2025
Расход,Повседневные,Еда вне дома,439,КФС,02.10.2025
Расход,Повседневные,Транспорт,241,,02.10.2025
Расход,Повседневные,Развлечения,469,Кино,02.10.2025
Расход,Повседневные,Связь,457,МТС,03.10.2025
Расход,Повседневные,Продукты,378,Ашан,03.10.2025
Расход,Повседневные,Еда вне дома,327,КФС,03.10.2025
Расход,Повседневные,Развлечения,425,Spotify,03.10.2025
Расход,Повседневные,Здоровье,3420,Врач,03.10.2025
Доход,Доходы,Кэшбэк,508,Тинькофф,03.10.2025
Расход,Повседневные,Продукты,896,Перекрёсток,04.10.2025
Расход,Повседневные,Бары и рестораны,1526,Ресторан,04.10.2025
Расход,Квартира,Ипотека,29500,Сбербанк,05.10.2025
Расход,Повседневные,Продукты,1133,Пятёрочка,05.10.2025
Расход,Повседневные,Еда вне дома,294,Суши,05.10.2025
Расход,Повседневные,Транспорт,224,Автобус,05.10.2025
Расход,Повседневные,Продукты,633,Магнит,06.10.2025
Расход,Повседневные,Еда вне дома,316,Пицца,06.10.2025
Расход,Повседневные,Еда вне дома,393,КФС,07.10.2025
Расход,Повседневные,Транспорт,97,Метро,07.10.2025
Расход,Повседневные,Развлечения,620,Игры,07.10.2025
Расход,Повседневные,Прочее,569,Разное,07.10.2025
Расход,Повседневные,Продукты,362,ВкусВилл,08.10.2025
Расход,Повседневные,Еда вне дома,313,Шаурма,08.10.2025
Расход,Повседневные,Транспорт,140,Самокат,08.10.2025
Расход,Повседневные,Развлечения,990,Netflix,08.10.2025
Расход,Повседневные,Здоровье,2824,Стоматолог,08.10.2025
Расход,Повседневные,Прочее,231,Разное,08.10.2025
Расход,Крупные,Путешествия,17778,Авиабилеты,08.10.2025
Доход,Доходы,Кэшбэк,300,Сбер,08.10.2025
Расход,Повседневные,Транспорт,95,Метро,09.10.2025
Расход,Повседневные,Прочее,348,Канцтовары,09.10.2025
Доход,Доходы,Зарплата,84936,,10.10.2025
Расход,Повседневные,Транспорт,195,Автобус,10.10.2025
Расход,Повседневные,Бары и рестораны,2043,Кальянная,10.10.2025
Расход,Повседневные,Здоровье,3103,Стоматолог,10.10.2025
Расход,Повседневные,Продукты,865,Лента,11.10.2025
Расход,Повседневные,Еда вне дома,292,Пицца,11.10.2025
Расход,Повседневные,Транспорт,204,Самокат,11.10.2025
Расход,Повседневные,Прочее,160,,11.10.2025
Расход,Повседневные,Продукты,665,Ашан,12.10.2025
Расход,Повседневные,Транспорт,54,Самокат,12.10.2025
Расход,Повседневные,Развлечения,718,Концерт,12.10.2025
Расход,Повседневные,Еда вне дома,384,Пицца,13.10.2025
Расход,Повседневные,Транспорт,245,Самокат,13.10.2025
Расход,Повседневные,Лекарства,1313,,13.10.2025
Расход,Повседневные,Продукты,1153,ВкусВилл,14.10.2025
Расход,Повседневные,Еда вне дома,361,Кафе,14.10.2025
Расход,Повседневные,Транспорт,248,Самокат,14.10.2025
Расход,Повседневные,Прочее,436,,14.10.2025
Расход,Квартира,ЖКХ,4889,Квартплата,15.10.2025
Расход,Повседневные,Продукты,680,Лента,15.10.2025
Расход,Повседневные,Еда вне дома,307,Бургер,15.10.2025
Расход,Повседневные,Транспорт,57,Яндекс такси,15.10.2025
Расход,Повседневные,Развлечения,971,Игры,15.10.2025
Расход,Повседневные,Продукты,313,Лента,16.10.2025
Расход,Повседневные,Еда вне дома,424,Макдак,16.10.2025
Расход,Повседневные,Транспорт,192,,16.10.2025
Расход,Повседневные,Бары и рестораны,972,Суши бар,16.10.2025
Расход,Повседневные,Развлечения,631,Netflix,16.10.2025
Расход,Повседневные,Прочее,237,Разное,16.10.2025
Расход,Повседневные,Продукты,616,Ашан,17.10.2025
Расход,Повседневные,Еда вне дома,373,КФС,17.10.2025
Расход,Повседневные,Транспорт,243,,17.10.2025
Расход,Повседневные,Развлечения,881,Кино,17.10.2025
Расход,Квартира,Ремонт,2399,OBI,17.10.2025
Расход,Повседневные,Продукты,883,ВкусВилл,18.10.2025
Расход,Повседневные,Еда вне дома,254,Шаурма,18.10.2025
Расход,Повседневные,Лекарства,1354,,18.10.2025
Расход,Повседневные,Прочее,453,Разное,18.10.2025
Расход,Повседневные,Транспорт,125,Самокат,19.10.2025
Расход,Повседневные,Продукты,477,Лента,20.10.2025
Расход,Повседневные,Еда вне дома,278,Суши,20.10.2025
Расход,Квартира,Все для дома,2154,,20.10.2025
Расход,Повседневные,Продукты,203,Ашан,21.10.2025
Расход,Повседневные,Еда вне дома,183,Макдак,21.10.2025
Расход,Повседневные,Транспорт,150,Самокат,21.10.2025
Расход,Повседневные,Бары и рестораны,1943,Суши бар,21.10.2025
Расход,Повседневные,Алкоголь,473,Винлаб,21.10.2025
Расход,Крупные,Праздники,4610,Ресторан,21.10.2025
Расход,Повседневные,Транспорт,240,Яндекс такси,22.10.2025
Расход,Повседневные,Бары и рестораны,2115,Ресторан,22.10.2025
Расход,Повседневные,Прочее,239,Разное,22.10.2025
Расход,Повседневные,Продукты,324,Пятёрочка,23.10.2025
Расход,Повседневные,Транспорт,91,Автобус,23.10.2025
Расход,Повседневные,Развлечения,1039,Кино,23.10.2025
Расход,Повседневные,Прочее,233,Разное,23.10.2025
Расход,Повседневные,Продукты,1129,Перекрёсток,24.10.2025
Расход,Повседневные,Еда вне дома,316,Столовая,24.10.2025
Расход,Повседневные,Транспорт,69,Метро,24.10.2025
Расход,Повседневные,Развлечения,524,Концерт,24.10.2025
Расход,Повседневные,Продукты,508,Ашан,25.10.2025
Расход,Повседневные,Еда вне дома,218,КФС,25.10.2025
Расход,Повседневные,Транспорт,68,,25.10.2025
Расход,Повседневные,Алкоголь,995,Красное&Белое,25.10.2025
Расход,Повседневные,Продукты,687,Магнит,26.10.2025
Расход,Повседневные,Еда вне дома,334,Пицца,26.10.2025
Расход,Повседневные,Транспорт,143,Самокат,26.10.2025
Расход,Повседневные,Прочее,508,Печать,26.10.2025
Расход,Повседневные,Продукты,698,Пятёрочка,27.10.2025
Расход,Повседневные,Еда вне дома,336,Шаурма,27.10.2025
Расход,Повседневные,Транспорт,113,,27.10.2025
Расход,Повседневные,Прочее,163,Печать,27.10.2025
Расход,Повседневные,Продукты,478,Ашан,28.10.2025
Расход,Повседневные,Продукты,1086,Ашан,29.10.2025
Расход,Повседневные,Еда вне дома,308,Бургер,29.10.2025
Расход,Повседневные,Бары и рестораны,1583,Паб,29.10.2025
Расход,Повседневные,Развлечения,501,Steam,29.10.2025
Расход,Повседневные,Прочее,504,Разное,29.10.2025
Расход,Повседневные,Еда вне дома,336,КФС,30.10.2025
Расход,Повседневные,Транспорт,79,Самокат,30.10.2025
Расход,Повседневные,Развлечения,373,Игры,30.10.2025
Расход,Повседневные,Продукты,299,Ашан,31.10.2025
Расход,Повседневные,Транспорт,143,Метро,31.10.2025
Расход,Повседневные,Алкоголь,787,Красное&Белое,31.10.2025
Расход,Повседневные,Еда вне дома,324,Бургер,01.11.2025
Расход,Повседневные,Прочее,353,Печать,01.11.2025
Расход,Повседневные,Продукты,507,ВкусВилл,02.11.2025
Расход,Повседневные,Еда вне дома,325,Макдак,02.11.2025
Расход,Повседневные,Транспорт,92,Автобус,02.11.2025
Расход,Повседневные,Бары и рестораны,1840,Бар,02.11.2025
Расход,Крупные,Праздники,2804,Декор,02.11.2025
Расход,Повседневные,Связь,440,МТС,03.11.2025
Расход,Повседневные,Продукты,990,Ашан,03.11.2025
Расход,Повседневные,Прочее,155,Канцтовары,04.11.2025
Расход,Квартира,Ипотека,29500,Сбербанк,05.11.2025
Расход,Повседневные,Продукты,1090,Перекрёсток,05.11.2025
Расход,Повседневные,Еда вне дома,338,Кафе,05.11.2025
Расход,Повседневные,Здоровье,2367,Стоматолог,05.11.2025
Расход,Повседневные,Транспорт,136,Автобус,06.11.2025
Расход,Повседневные,Бары и рестораны,973,Суши бар,06.11.2025
Расход,Повседневные,Прочее,571,Печать,06.11.2025
Расход,Повседневные,Транспорт,228,Яндекс такси,07.11.2025
Расход,Крупные,Путешествия,15257,Тур,07.11.2025
Расход,Повседневные,Продукты,531,Ашан,08.11.2025
Расход,Повседневные,Еда вне дома,215,Суши,08.11.2025
Расход,Повседневные,Развлечения,869,Концерт,08.11.2025
Расход,Повседневные,Алкоголь,907,,08.11.2025
Расход,Повседневные,Продукты,914,Магнит,09.11.2025
Расход,Повседневные,Транспорт,72,Самокат,09.11.2025
Доход,Доходы,Зарплата,80547,,10.11.2025
Расход,Повседневные,Бары и рестораны,1690,Кальянная,10.11.2025
Расход,Повседневные,Алкоголь,437,Магнум,10.11.2025
Расход,Повседневные,Прочее,152,Канцтовары,10.11.2025
Расход,Повседневные,Продукты,698,Магнит,11.11.2025
Расход,Повседневные,Еда вне дома,193,Макдак,11.11.2025
Расход,Повседневные,Бары и рестораны,2127,Паб,11.11.2025
Расход,Повседневные,Развлечения,733,Netflix,11.11.2025
Расход,Квартира,Все для дома,1622,,12.11.2025
Доход,Доходы,Кэшбэк,302,Сбер,12.11.2025
Расход,Повседневные,Продукты,1023,Перекрёсток,13.11.2025
Расход,Повседневные,Еда вне дома,318,Пицца,13.11.2025
Расход,Повседневные,Транспорт,174,Яндекс такси,13.11.2025
Доход,Доходы,Кэшбэк,393,Сбер,13.11.2025
Расход,Повседневные,Продукты,493,Ашан,14.11.2025
Расход,Повседневные,Еда вне дома,253,Столовая,14.11.2025
Расход,Повседневные,Транспорт,232,,14.11.2025
Расход,Квартира,ЖКХ,4879,Квартплата,15.11.2025
Расход,Повседневные,Продукты,605,Магнит,15.11.2025
Расход,Повседневные,Транспорт,108,Яндекс такси,15.11.2025
Расход,Повседневные,Еда вне дома,323,КФС,16.11.2025
Расход,Повседневные,Транспорт,163,,16.11.2025
Расход,Повседневные,Развлечения,283,Netflix,16.11.2025
Расход,Повседневные,Продукты,817,Пятёрочка,17.11.2025
Расход,Повседневные,Еда вне дома,218,Кафе,17.11.2025
Расход,Повседневные,Бары и рестораны,1029,Кальянная,17.11.2025
Расход,Повседневные,Прочее,653,Канцтовары,17.11.2025
Доход,Доходы,Кэшбэк,261,,17.11.2025
Расход,Повседневные,Продукты,476,Пятёрочка,18.11.2025
Расход,Повседневные,Транспорт,233,Автобус,18.11.2025
Расход,Повседневные,Алкоголь,560,,18.11.2025
Расход,Повседневные,Прочее,223,Разное,18.11.2025
Расход,Повседневные,Продукты,258,Перекрёсток,19.11.2025
Расход,Повседневные,Еда вне дома,445,Пицца,19.11.2025
Расход,Повседневные,Транспорт,209,Самокат,19.11.2025
Расход,Повседневные,Продукты,881,Перекрёсток,20.11.2025
Расход,Повседневные,Еда вне дома,385,КФС,20.11.2025
Расход,Повседневные,Продукты,992,Пятёрочка,21.11.2025
Расход,Повседневные,Транспорт,221,Автобус,21.11.2025
Расход,Повседневные,Продукты,1011,Магнит,22.11.2025
Расход,Повседневные,Еда вне дома,391,КФС,22.11.2025
Расход,Повседневные,Транспорт,132,,22.11.2025
Расход,Повседневные,Развлечения,833,Игры,22.11.2025
Расход,Повседневные,Лекарства,1337,Аптека 36.6,22.11.2025
Расход,Повседневные,Еда вне дома,320,Макдак,23.11.2025
Расход,Повседневные,Транспорт,108,Автобус,23.11.2025
Расход,Повседневные,Развлечения,623,Кино,23.11.2025
Расход,Повседневные,Прочее,488,Канцтовары,23.11.2025
Расход,Крупные,Праздники,4247,Декор,23.11.2025
Расход,Повседневные,Продукты,360,ВкусВилл,24.11.2025
Расход,Повседневные,Транспорт,123,,24.11.2025
Расход,Повседневные,Продукты,315,Ашан,25.11.2025
Расход,Повседневные,Транспорт,213,Самокат,25.11.2025
Расход,Повседневные,Бары и рестораны,2092,Паб,25.11.2025
Расход,Крупные,Праздники,4446,Декор,25.11.2025
Расход,Повседневные,Продукты,875,Магнит,26.11.2025
Расход,Повседневные,Еда вне дома,163,Кафе,26.11.2025
Расход,Повседневные,Транспорт,70,Метро,26.11.2025
Расход,Повседневные,Транспорт,143,Метро,27.11.2025
Расход,Повседневные,Развлечения,603,Концерт,27.11.2025
Расход,Повседневные,Продукты,302,Ашан,28.11.2025
Расход,Повседневные,Еда вне дома,248,Кафе,28.11.2025
Расход,Повседневные,Транспорт,202,Метро,28.11.2025
Расход,Повседневные,Бары и рестораны,1619,Паб,28.11.2025
Расход,Повседневные,Лекарства,263,,28.11.2025
Расход,Повседневные,Еда вне дома,392,Шаурма,29.11.2025
Расход,Повседневные,Бары и рестораны,1711,Суши бар,29.11.2025
Расход,Повседневные,Алкоголь,565,,29.11.2025
Расход,Повседневные,Прочее,215,,29.11.2025
Расход,Повседневные,Еда вне дома,309,Столовая,30.11.2025
Расход,Повседневные,Транспорт,191,Метро,30.11.2025
Расход,Крупные,Красота и здоровье,2162,Салон,30.11.2025
Расход,Повседневные,Продукты,1091,Магнит,01.12.2025
Расход,Повседневные,Еда вне дома,254,КФС,01.12.2025
Расход,Повседневные,Транспорт,141,Метро,01.12.2025
Расход,Повседневные,Продукты,309,Лента,02.12.2025
Расход,Повседневные,Еда вне дома,207,КФС,02.12.2025
Расход,Повседневные,Транспорт,213,,02.12.2025
Расход,Повседневные,Связь,408,Билайн,03.12.2025
Расход,Повседневные,Продукты,921,ВкусВилл,03.12.2025
Расход,Повседневные,Еда вне дома,417,Пицца,03.12.2025
Расход,Повседневные,Транспорт,136,Самокат,03.12.2025
Расход,Повседневные,Развлечения,981,Netflix,03.12.2025
Доход,Доходы,Кэшбэк,466,Тинькофф,03.12.2025
Расход,Повседневные,Прочее,543,Разное,04.12.2025
Расход,Квартира,Ипотека,29500,Сбербанк,05.12.2025
Расход,Повседневные,Продукты,976,Ашан,05.12.2025
Расход,Повседневные,Еда вне дома,351,Бургер,05.12.2025
Расход,Повседневные,Прочее,513,Канцтовары,05.12.2025
Расход,Повседневные,Продукты,671,Ашан,06.12.2025
Расход,Повседневные,Еда вне дома,293,Макдак,06.12.2025
Расход,Повседневные,Алкоголь,453,Красное&Белое,06.12.2025
Расход,Повседневные,Продукты,986,ВкусВилл,07.12.2025
Расход,Повседневные,Транспорт,220,,07.12.2025
Расход,Крупные,Праздники,5242,Ресторан,07.12.2025
Расход,Повседневные,Продукты,784,Ашан,08.12.2025
Расход,Повседневные,Транспорт,71,Автобус,08.12.2025
Расход,Повседневные,Продукты,990,Ашан,09.12.2025
Расход,Повседневные,Транспорт,135,,09.12.2025
Доход,Доходы,Зарплата,73996,,10.12.2025
Расход,Повседневные,Продукты,1132,Ашан,10.12.2025
Расход,Повседневные,Еда вне дома,285,Бургер,10.12.2025
Доход,Доходы,Кэшбэк,544,Тинькофф,10.12.2025
Расход,Повседневные,Продукты,1057,Пятёрочка,11.12.2025
Расход,Повседневные,Еда вне дома,362,Бургер,11.12.2025
Расход,Повседневные,Транспорт,74,Яндекс такси,11.12.2025
Расход,Повседневные,Прочее,512,,11.12.2025
Расход,Крупные,Красота и здоровье,3190,Барбершоп,11.12.2025
Расход,Повседневные,Еда вне дома,267,Бургер,12.12.2025
Расход,Повседневные,Развлечения,1031,Netflix,12.12.2025
Расход,Повседневные,Лекарства,909,Аптека 36.6,12.12.2025
Расход,Повседневные,Продукты,521,Лента,13.12.2025
Расход,Повседневные,Транспорт,103,Яндекс такси,13.12.2025
Расход,Повседневные,Транспорт,195,Автобус,14.12.2025
Расход,Повседневные,Бары и рестораны,1437,Ресторан,14.12.2025
Доход,Доходы,Кэшбэк,456,Сбер,14.12.2025
Расход,Квартира,ЖКХ,5996,Квартплата,15.12.2025
Расход,Повседневные,Продукты,421,Перекрёсток,15.12.2025
Расход,Повседневные,Еда вне дома,256,Макдак,15.12.2025
Расход,Повседневные,Транспорт,155,Автобус,15.12.2025
Расход,Повседневные,Продукты,435,Пятёрочка,16.12.2025
Расход,Повседневные,Еда вне дома,398,Макдак,16.12.2025
Расход,Повседневные,Прочее,246,,16.12.2025
Расход,Повседневные,Продукты,825,ВкусВилл,17.12.2025
Расход,Повседневные,Еда вне дома,161,Суши,17.12.2025
Расход,Повседневные,Транспорт,56,Метро,17.12.2025
Доход,Доходы,Кэшбэк,401,Сбер,17.12.2025
Расход,Повседневные,Алкоголь,438,Красное&Белое,18.12.2025
Расход,Повседневные,Прочее,668,Канцтовары,18.12.2025
Расход,Крупные,Образование,3001,Курсы,18.12.2025
Расход,Повседневные,Еда вне дома,182,Столовая,19.12.2025
Расход,Повседневные,Развлечения,361,Концерт,19.12.2025
Расход,Повседневные,Здоровье,812,Стоматолог,19.12.2025
Расход,Повседневные,Прочее,371,Канцтовары,19.12.2025
Расход,Повседневные,Транспорт,96,Самокат,20.12.2025
Расход,Повседневные,Бары и рестораны,1066,Бар,20.12.2025
Расход,Повседневные,Продукты,943,Лента,21.12.2025
Расход,Повседневные,Транспорт,87,Яндекс такси,21.12.2025
Расход,Повседневные,Еда вне дома,215,КФС,22.12.2025
Расход,Повседневные,Транспорт,168,Самокат,22.12.2025
Расход,Повседневные,Еда вне дома,157,Кафе,23.12.2025
Расход,Повседневные,Транспорт,247,Самокат,23.12.2025
Расход,Квартира,Все для дома,531,IKEA,23.12.2025
Доход,Доходы,Кэшбэк,492,Тинькофф,23.12.2025
Расход,Повседневные,Продукты,296,Ашан,24.12.2025
Расход,Повседневные,Бары и рестораны,1181,Паб,24.12.2025
Расход,Повседневные,Продукты,752,Лента,25.12.2025
Расход,Повседневные,Бары и рестораны,1149,Суши бар,25.12.2025
Расход,Повседневные,Развлечения,702,Кино,25.12.2025
Расход,Повседневные,Продукты,1008,Ашан,26.12.2025
Расход,Повседневные,Транспорт,66,Самокат,26.12.2025
Расход,Повседневные,Развлечения,922,Игры,26.12.2025
Доход,Доходы,Кэшбэк,434,Сбер,26.12.2025
Расход,Повседневные,Продукты,288,Магнит,27.12.2025
Расход,Повседневные,Еда вне дома,246,Шаурма,27.12.2025
Расход,Повседневные,Транспорт,213,Автобус,27.12.2025
Расход,Повседневные,Бары и рестораны,793,Суши бар,27.12.2025
Расход,Повседневные,Прочее,169,Печать,27.12.2025
Расход,Повседневные,Продукты,859,Пятёрочка,28.12.2025
Расход,Повседневные,Транспорт,216,Самокат,28.12.2025
Расход,Повседневные,Развлечения,304,Steam,28.12.2025
Расход,Повседневные,Продукты,808,ВкусВилл,29.12.2025
Расход,Повседневные,Еда вне дома,333,Макдак,29.12.2025
Расход,Повседневные,Транспорт,144,Яндекс такси,29.12.2025
Расход,Повседневные,Здоровье,2134,Анализы,29.12.2025
Расход,Повседневные,Продукты,853,Пятёрочка,30.12.2025
Расход,Повседневные,Транспорт,234,Яндекс такси,30.12.2025
Расход,Повседневные,Развлечения,445,Steam,30.12.2025
Расход,Повседневные,Лекарства,1392,Аптека 36.6,30.12.2025
Расход,Повседневные,Еда вне дома,353,Шаурма,31.12.2025
Расход,Повседневные,Транспорт,60,Яндекс такси,31.12.2025
Доход,Доходы,Фриланс,18572,Проект,31.12.2025
Расход,Повседневные,Транспорт,149,Яндекс такси,01.01.2026
Расход,Повседневные,Лекарства,397,Здравсити,01.01.2026
Расход,Повседневные,Алкоголь,899,Красное&Белое,02.01.2026
Расход,Повседневные,Связь,384,Интернет,03.01.2026
Расход,Повседневные,Продукты,890,Магнит,03.01.2026
Расход,Повседневные,Еда вне дома,165,Столовая,03.01.2026
Расход,Повседневные,Транспорт,110,Самокат,03.01.2026
Доход,Доходы,Кэшбэк,111,Тинькофф,03.01.2026
Расход,Повседневные,Продукты,881,Магнит,04.01.2026
Расход,Повседневные,Алкоголь,869,,04.01.2026
Расход,Повседневные,Прочее,450,Канцтовары,04.01.2026
Расход,Квартира,Ипотека,29500,Сбербанк,05.01.2026
Расход,Повседневные,Продукты,1098,Лента,05.01.2026
Расход,Повседневные,Еда вне дома,340,Макдак,05.01.2026
Расход,Повседневные,Бары и рестораны,1883,Суши бар,05.01.2026
Расход,Повседневные,Прочее,621,Печать,05.01.2026
Расход,Повседневные,Продукты,895,ВкусВилл,06.01.2026
Расход,Повседневные,Бары и рестораны,1964,Паб,06.01.2026
Расход,Повседневные,Развлечения,666,Netflix,07.01.2026
Расход,Повседневные,Продукты,538,Лента,08.01.2026
Расход,Повседневные,Еда вне дома,282,Пицца,08.01.2026
Расход,Повседневные,Транспорт,141,Автобус,08.01.2026
Расход,Повседневные,Развлечения,503,Кино,08.01.2026
Расход,Повседневные,Продукты,652,Пятёрочка,09.01.2026
Расход,Повседневные,Транспорт,136,Самокат,09.01.2026
Доход,Доходы,Зарплата,77348,,10.01.2026
Расход,Повседневные,Продукты,243,Ашан,10.01.2026
Расход,Повседневные,Еда вне дома,185,Бургер,10.01.2026
Расход,Повседневные,Транспорт,85,Метро,10.01.2026
Расход,Повседневные,Прочее,381,,10.01.2026
Расход,Повседневные,Транспорт,156,,11.01.2026
Расход,Повседневные,Продукты,920,Перекрёсток,12.01.2026
Расход,Повседневные,Транспорт,144,,12.01.2026
Расход,Повседневные,Алкоголь,371,Красное&Белое,12.01.2026
Расход,Повседневные,Прочее,527,Канцтовары,12.01.2026
Расход,Повседневные,Транспорт,142,Метро,14.01.2026
Расход,Повседневные,Алкоголь,761,Красное&Белое,14.01.2026
Расход,Повседневные,Прочее,175,Печать,14.01.2026
Расход,Квартира,ЖКХ,5299,Квартплата,15.01.2026
Расход,Повседневные,Продукты,541,ВкусВилл,15.01.2026
Расход,Повседневные,Транспорт,77,Яндекс такси,15.01.2026
Расход,Повседневные,Алкоголь,382,Винлаб,15.01.2026
Расход,Повседневные,Прочее,370,Разное,15.01.2026
Расход,Повседневные,Продукты,1075,ВкусВилл,16.01.2026
Расход,Повседневные,Еда вне дома,179,Шаурма,16.01.2026
Расход,Повседневные,Здоровье,1104,Стоматолог,16.01.2026
Расход,Повседневные,Продукты,486,ВкусВилл,17.01.2026
Расход,Повседневные,Еда вне дома,382,Шаурма,17.01.2026
Расход,Повседневные,Транспорт,160,Метро,17.01.2026
Расход,Повседневные,Развлечения,1017,Netflix,17.01.2026
Расход,Повседневные,Еда вне дома,443,Макдак,18.01.2026
Расход,Повседневные,Транспорт,103,Автобус,18.01.2026
Расход,Повседневные,Развлечения,1024,Spotify,18.01.2026
Расход,Повседневные,Прочее,438,Печать,18.01.2026
Расход,Крупные,Праздники,5254,Декор,18.01.2026
Расход,Повседневные,Еда вне дома,187,Столовая,19.01.2026
Расход,Повседневные,Транспорт,195,Самокат,19.01.2026
Расход,Повседневные,Развлечения,553,Steam,19.01.2026
Расход,Повседневные,Прочее,406,Канцтовары,19.01.2026
Расход,Квартира,Ремонт,4267,Леруа Мерлен,19.01.2026
Расход,Повседневные,Продукты,317,Перекрёсток,20.01.2026
Расход,Повседневные,Еда вне дома,318,Пицца,20.01.2026
Расход,Повседневные,Транспорт,158,Метро,20.01.2026
Расход,Повседневные,Продукты,1064,ВкусВилл,21.01.2026
Расход,Повседневные,Транспорт,192,Метро,21.01.2026
Расход,Повседневные,Продукты,399,Перекрёсток,22.01.2026
Расход,Повседневные,Еда вне дома,408,Суши,22.01.2026
Расход,Повседневные,Транспорт,74,Автобус,22.01.2026
Расход,Повседневные,Развлечения,969,Концерт,22.01.2026
Расход,Повседневные,Прочее,277,Печать,22.01.2026
Расход,Повседневные,Продукты,1116,Магнит,23.01.2026
Расход,Повседневные,Прочее,310,Разное,23.01.2026
Расход,Повседневные,Продукты,396,ВкусВилл,24.01.2026
Расход,Повседневные,Еда вне дома,356,Кафе,24.01.2026
Расход,Повседневные,Транспорт,173,,24.01.2026
Расход,Повседневные,Бары и рестораны,1216,Кальянная,24.01.2026
Расход,Повседневные,Развлечения,948,Кино,24.01.2026
Расход,Повседневные,Алкоголь,493,Магнум,24.01.2026
Расход,Повседневные,Прочее,578,,24.01.2026
Расход,Повседневные,Продукты,874,Лента,25.01.2026
Расход,Повседневные,Транспорт,64,Автобус,25.01.2026
Расход,Повседневные,Продукты,801,Пятёрочка,26.01.2026
Расход,Повседневные,Транспорт,168,Яндекс такси,26.01.2026
Расход,Повседневные,Развлечения,335,Игры,26.01.2026
Расход,Повседневные,Продукты,986,Лента,27.01.2026
Расход,Повседневные,Еда вне дома,276,Кафе,27.01.2026
Расход,Повседневные,Транспорт,113,Яндекс такси,27.01.2026
Расход,Повседневные,Прочее,634,Разное,27.01.2026
Расход,Повседневные,Транспорт,92,,28.01.2026
Расход,Повседневные,Развлечения,517,Кино,28.01.2026
Расход,Повседневные,Алкоголь,528,Винлаб,28.01.2026
Расход,Повседневные,Продукты,588,Магнит,29.01.2026
Расход,Повседневные,Еда вне дома,361,Столовая,29.01.2026
Расход,Повседневные,Транспорт,146,,29.01.2026
Расход,Крупные,Красота и здоровье,2742,Маникюр,29.01.2026
Расход,Крупные,Праздники,4959,Подарки,29.01.2026
Расход,Повседневные,Продукты,644,ВкусВилл,30.01.2026
Расход,Повседневные,Транспорт,78,,30.01.2026
Расход,Повседневные,Продукты,895,Ашан,31.01.2026
Расход,Повседневные,Продукты,705,ВкусВилл,01.02.2026
Расход,Повседневные,Транспорт,91,Автобус,01.02.2026
Расход,Повседневные,Бары и рестораны,2017,Бар,01.02.2026
Расход,Повседневные,Развлечения,868,Концерт,01.02.2026
Расход,Повседневные,Продукты,1126,ВкусВилл,02.02.2026
Расход,Повседневные,Еда вне дома,280,Бургер,02.02.2026
Расход,Повседневные,Транспорт,86,,02.02.2026
Расход,Повседневные,Развлечения,835,Netflix,02.02.2026
Расход,Повседневные,Алкоголь,943,Красное&Белое,02.02.2026
Расход,Повседневные,Связь,513,Билайн,03.02.2026
Расход,Повседневные,Продукты,481,Пятёрочка,03.02.2026
Расход,Повседневные,Еда вне дома,229,КФС,03.02.2026
Расход,Повседневные,Транспорт,239,Метро,03.02.2026
Расход,Повседневные,Развлечения,745,Игры,03.02.2026
Расход,Повседневные,Продукты,350,ВкусВилл,04.02.2026
Расход,Повседневные,Еда вне дома,221,Бургер,04.02.2026
Расход,Повседневные,Транспорт,195,Яндекс такси,04.02.2026
Расход,Повседневные,Алкоголь,290,,04.02.2026
Расход,Квартира,Ипотека,29500,Сбербанк,05.02.2026
Расход,Повседневные,Продукты,476,ВкусВилл,05.02.2026
Расход,Повседневные,Еда вне дома,267,Макдак,05.02.2026
Расход,Повседневные,Транспорт,100,Автобус,05.02.2026
Расход,Повседневные,Развлечения,627,Steam,05.02.2026
Расход,Повседневные,Лекарства,708,Аптека,05.02.2026
Расход,Повседневные,Продукты,540,Ашан,06.02.2026
Расход,Повседневные,Еда вне дома,323,Кафе,06.02.2026
Расход,Повседневные,Лекарства,533,,06.02.2026
Расход,Повседневные,Прочее,683,Разное,06.02.2026
Доход,Доходы,Фриланс,20361,Проект,06.02.2026
Расход,Повседневные,Продукты,795,Лента,07.02.2026
Расход,Повседневные,Еда вне дома,217,Бургер,07.02.2026
Расход,Повседневные,Транспорт,107,,07.02.2026
Расход,Повседневные,Развлечения,598,Netflix,07.02.2026
Расход,Повседневные,Здоровье,2053,Анализы,07.02.2026
Расход,Повседневные,Прочее,542,Печать,07.02.2026
Расход,Повседневные,Транспорт,190,Автобус,09.02.2026
Доход,Доходы,Зарплата,80010,,10.02.2026
Расход,Повседневные,Продукты,1126,Перекрёсток,10.02.2026
Расход,Повседневные,Транспорт,175,Метро,10.02.2026
Расход,Повседневные,Алкоголь,972,Магнум,10.02.2026
Расход,Повседневные,Прочее,453,,10.02.2026
Расход,Повседневные,Еда вне дома,249,Пицца,11.02.2026
Расход,Повседневные,Транспорт,147,Самокат,11.02.2026
Расход,Повседневные,Развлечения,1098,Концерт,11.02.2026
Доход,Доходы,Кэшбэк,110,,11.02.2026
Расход,Повседневные,Продукты,795,ВкусВилл,12.02.2026
Расход,Повседневные,Еда вне дома,346,Столовая,12.02.2026
Расход,Повседневные,Транспорт,151,Яндекс такси,12.02.2026
Расход,Повседневные,Развлечения,1070,Spotify,12.02.2026
Расход,Повседневные,Алкоголь,825,Красное&Белое,12.02.2026
Расход,Повседневные,Продукты,1169,ВкусВилл,13.02.2026
Расход,Повседневные,Транспорт,213,Метро,13.02.2026
Расход,Повседневные,Бары и рестораны,819,Бар,13.02.2026
Расход,Повседневные,Еда вне дома,273,Кафе,14.02.2026
Расход,Квартира,ЖКХ,5566,Квартплата,15.02.2026
Расход,Повседневные,Продукты,450,Перекрёсток,15.02.2026
Расход,Повседневные,Развлечения,1097,Игры,15.02.2026
Расход,Повседневные,Транспорт,115,Метро,16.02.2026
Расход,Повседневные,Прочее,607,,16.02.2026
Расход,Повседневные,Продукты,833,Ашан,17.02.2026
Расход,Повседневные,Транспорт,155,,17.02.2026
Расход,Повседневные,Продукты,606,ВкусВилл,18.02.2026
Расход,Повседневные,Транспорт,141,Яндекс такси,18.02.2026
Расход,Крупные,Гаджеты,6491,М.Видео,18.02.2026
Расход,Повседневные,Продукты,1189,Пятёрочка,19.02.2026
Расход,Повседневные,Транспорт,89,,19.02.2026
Расход,Повседневные,Развлечения,886,Steam,19.02.2026
Расход,Повседневные,Продукты,368,Пятёрочка,20.02.2026
Расход,Повседневные,Еда вне дома,277,Бургер,20.02.2026
Расход,Повседневные,Прочее,267,Печать,20.02.2026
Расход,Повседневные,Еда вне дома,367,КФС,21.02.2026
Расход,Повседневные,Транспорт,162,,21.02.2026
Расход,Повседневные,Развлечения,973,Кино,21.02.2026
Расход,Повседневные,Алкоголь,320,Красное&Белое,21.02.2026
Расход,Квартира,Ремонт,4862,Мастер,21.02.2026
Расход,Повседневные,Продукты,285,Ашан,22.02.2026
Расход,Повседневные,Еда вне дома,179,Суши,22.02.2026
Расход,Повседневные,Транспорт,137,Яндекс такси,22.02.2026
Расход,Повседневные,Бары и рестораны,1442,Суши бар,22.02.2026
Расход,Повседневные,Продукты,497,Ашан,23.02.2026
Расход,Повседневные,Транспорт,156,Яндекс такси,23.02.2026
Расход,Повседневные,Прочее,452,Разное,23.02.2026
Расход,Квартира,Все для дома,1576,,23.02.2026
Расход,Повседневные,Продукты,929,ВкусВилл,24.02.2026
Расход,Повседневные,Еда вне дома,169,Шаурма,24.02.2026
Расход,Повседневные,Транспорт,158,Метро,24.02.2026
Расход,Повседневные,Развлечения,1042,Netflix,24.02.2026
Расход,Повседневные,Прочее,463,Печать,25.02.2026
Доход,Доходы,Кэшбэк,536,Тинькофф,25.02.2026
Расход,Повседневные,Транспорт,202,Метро,26.02.2026
Расход,Повседневные,Продукты,855,ВкусВилл,27.02.2026
Расход,Повседневные,Транспорт,152,Самокат,27.02.2026
Расход,Повседневные,Развлечения,784,Кино,27.02.2026
Расход,Повседневные,Продукты,1055,Пятёрочка,28.02.2026
Расход,Повседневные,Транспорт,154,Самокат,28.02.2026
Расход,Повседневные,Развлечения,509,Netflix,28.02.2026
Доход,Доходы,Кэшбэк,564,,28.02.2026
Расход,Повседневные,Продукты,972,Пятёрочка,01.03.2026
Расход,Повседневные,Еда вне дома,387,Столовая,01.03.2026
Расход,Повседневные,Продукты,717,Магнит,02.03.2026
Расход,Повседневные,Еда вне дома,365,КФС,02.03.2026
Расход,Повседневные,Транспорт,239,Автобус,02.03.2026
Расход,Повседневные,Бары и рестораны,1045,Кальянная,02.03.2026
Расход,Повседневные,Алкоголь,461,Магнум,02.03.2026
Расход,Повседневные,Прочее,533,Печать,02.03.2026
Расход,Повседневные,Связь,431,МТС,03.03.2026
Расход,Повседневные,Еда вне дома,173,Шаурма,03.03.2026
Расход,Повседневные,Транспорт,92,,03.03.2026
Расход,Повседневные,Развлечения,553,Steam,03.03.2026
Расход,Повседневные,Прочее,254,,03.03.2026
Расход,Повседневные,Еда вне дома,323,Шаурма,04.03.2026
Расход,Повседневные,Алкоголь,819,Красное&Белое,04.03.2026
Расход,Повседневные,Здоровье,2505,Анализы,04.03.2026
Расход,Квартира,Ипотека,29500,Сбербанк,05.03.2026
Расход,Повседневные,Развлечения,778,Кино,05.03.2026
Расход,Повседневные,Прочее,393,Печать,05.03.2026
Расход,Повседневные,Еда вне дома,435,Кафе,06.03.2026
Расход,Повседневные,Транспорт,186,Автобус,06.03.2026
Расход,Повседневные,Бары и рестораны,1083,Суши бар,06.03.2026
Расход,Повседневные,Развлечения,577,Кино,06.03.2026
Расход,Повседневные,Продукты,1094,Магнит,07.03.2026
Расход,Повседневные,Транспорт,86,,07.03.2026
Расход,Повседневные,Развлечения,768,Spotify,07.03.2026
Расход,Повседневные,Продукты,597,Магнит,08.03.2026
Расход,Повседневные,Транспорт,107,Метро,08.03.2026
Расход,Повседневные,Развлечения,548,Кино,08.03.2026
Расход,Повседневные,Прочее,312,Разное,08.03.2026
Расход,Повседневные,Продукты,532,Магнит,09.03.2026
Расход,Повседневные,Еда вне дома,325,Суши,09.03.2026
Расход,Повседневные,Транспорт,213,Яндекс такси,09.03.2026
Расход,Повседневные,Развлечения,931,Spotify,09.03.2026
Расход,Повседневные,Алкоголь,256,Магнум,09.03.2026
Доход,Доходы,Зарплата,84299,,10.03.2026
Расход,Повседневные,Продукты,723,Лента,10.03.2026
Расход,Повседневные,Транспорт,113,,10.03.2026
Расход,Квартира,Ремонт,2820,Мастер,10.03.2026
Расход,Повседневные,Продукты,597,Перекрёсток,11.03.2026
Расход,Повседневные,Еда вне дома,334,Суши,11.03.2026
Расход,Повседневные,Транспорт,157,,11.03.2026
Расход,Повседневные,Алкоголь,920,Магнум,11.03.2026
Расход,Повседневные,Продукты,232,ВкусВилл,12.03.2026
Расход,Повседневные,Еда вне дома,168,Бургер,12.03.2026
Расход,Повседневные,Развлечения,560,Игры,12.03.2026
Расход,Повседневные,Продукты,938,ВкусВилл,13.03.2026
Расход,Повседневные,Еда вне дома,435,Бургер,13.03.2026
Расход,Повседневные,Транспорт,152,,13.03.2026
Расход,Повседневные,Развлечения,562,Spotify,13.03.2026
Расход,Повседневные,Продукты,499,Перекрёсток,14.03.2026
Расход,Повседневные,Еда вне дома,172,Пицца,14.03.2026
Расход,Повседневные,Транспорт,125,Яндекс такси,14.03.2026
Расход,Квартира,ЖКХ,5762,Квартплата,15.03.2026
Расход,Повседневные,Продукты,360,ВкусВилл,15.03.2026
Расход,Повседневные,Еда вне дома,339,Макдак,15.03.2026
Расход,Повседневные,Транспорт,74,,15.03.2026
Расход,Повседневные,Развлечения,283,Концерт,15.03.2026
Расход,Повседневные,Прочее,269,Разное,15.03.2026
Расход,Повседневные,Продукты,972,Перекрёсток,16.03.2026
Расход,Повседневные,Еда вне дома,341,КФС,16.03.2026
Расход,Повседневные,Еда вне дома,366,Макдак,17.03.2026
Расход,Повседневные,Транспорт,76,Яндекс такси,17.03.2026
Расход,Повседневные,Прочее,511,,17.03.2026
Расход,Повседневные,Продукты,584,Магнит,18.03.2026
Расход,Повседневные,Транспорт,227,Автобус,18.03.2026
Расход,Повседневные,Развлечения,457,Steam,18.03.2026
Расход,Повседневные,Продукты,876,Магнит,19.03.2026
Расход,Повседневные,Еда вне дома,440,Шаурма,19.03.2026
Расход,Повседневные,Продукты,242,Лента,20.03.2026
Расход,Повседневные,Транспорт,149,Автобус,20.03.2026
Расход,Повседневные,Развлечения,946,Концерт,20.03.2026
Расход,Повседневные,Алкоголь,678,Красное&Белое,20.03.2026
Расход,Повседневные,Продукты,402,Пятёрочка,21.03.2026
Расход,Повседневные,Еда вне дома,163,Столовая,21.03.2026
Расход,Повседневные,Продукты,558,Ашан,22.03.2026
Расход,Повседневные,Еда вне дома,150,Макдак,22.03.2026
Расход,Повседневные,Развлечения,904,Netflix,22.03.2026
Расход,Повседневные,Лекарства,598,Аптека,22.03.2026
